Highbrow Cultural Capital,Fearful & Sentimental,Sociable & Energetic,"Tech, Cars & Action",Conscientious & Organised,Pop-Culture Entertainment,Life-Science / Medical,Status & Assertiveness
-1.2040770414109907,-0.33905454685311226,0.8371119797199517,-0.6836904113582258,0.8201604929666774,0.46317915185183145,0.6998669679969646,-1.6420138398125905
-0.8982599843794202,-1.8134266527790017,-0.6395250877305263,-0.6124015346170735,0.5132718897770299,0.45943536846752386,-0.9966622553445815,0.59819568941045
1.8038131517086835,-0.5458784499697957,0.16499393381107375,-0.9543976945944095,-0.7458156220318647,0.7688683255069845,0.09950771331178287,-0.28212355747637
-0.34794236527624267,-0.5428307217558129,-2.543176734414454,-1.1992569591404307,0.9229097613450118,-1.9533185823065797,-0.43641506891361587,2.6990874574574613
-0.46572227569403496,-0.08767373754489576,0.21447858130175768,-0.13884473933206307,0.5854226217427824,-0.39024738390576424,0.27397549865660126,-0.6168726514931415
0.5130798147278387,-1.3930952317467358,-0.07852536650569847,0.5590747970624986,-0.3371598806848285,0.1858784518317446,0.7915827941761632,0.04865303394154533
-1.0598702109339615,0.020541712463451288,1.1324891384186764,-1.3811500581977205,1.2223405728963808,0.047588050761031044,2.147749182835392,0.005058800327743822
-0.9592340592196521,0.08258070314255836,0.25561962200934707,0.034685044705037506,-0.6344200012515774,0.32394031434481674,-0.8452195300632217,-0.3399794893815748
-0.552466742963253,0.10164621350823937,-1.8928937250513058,-1.2960617356206017,-0.6356414635298089,0.46606171480331854,-0.5075175221231865,-1.4704184769537292
1.0643762444912819,1.452677474810639,0.09702779450367383,-1.2499497955994388,0.07756753299830643,0.7553548516021603,-1.2011075754685538,-0.5200620321669043
-0.8572866333240194,-0.08195239942960679,-0.13655019270974073,-0.3578206812338424,0.9579351834391077,0.9253021216785547,-0.6688726264471805,-0.7632893219748469
0.2667808432340288,0.17637449712713932,-1.0512030321758363,-0.33977175962917977,-0.9833171035374195,-0.30987541505754235,-1.5982247357369213,1.1557869727458012
-0.24154825067588004,-1.0404702646496646,-1.2787230853697578,-1.2828534204102522,1.5305081353729726,0.22933918460705666,1.3595552921086176,0.9409867082559188
-1.1542295067626445,1.1158523841347694,0.543643064943133,-0.9696034478568769,0.19598927521637763,0.9992731429569375,-0.5281586432406655,-0.35108204031112705
-0.09494380954497487,1.3451929016960853,-0.7262478932795894,-1.345256976169671,1.2074223384747633,1.0645831805893957,-0.9376536484808395,-0.8757306492329275
0.40296092718759485,-1.4331576439949287,-0.9124653980661908,1.160893466415115,0.6033695849696746,0.43707120634842356,0.942965656777782,1.195123321022625
-1.5718015918431871,0.5263335085965494,-0.3084835280828944,-0.3805842693854488,-0.9418556513593027,0.1640573444624776,0.9028238262206588,0.23781863557505756
-0.0029515941804411335,0.8092226353576827,-2.065772715861009,0.03460866992062452,-0.47147681152594456,-0.47056609968704544,1.9000650930964018,0.8235737061213132
0.31290288644506636,-0.7799706932166125,-0.5081369394012206,2.04245557402177,0.832474352640865,0.022493096812972624,0.4202846668907097,-1.318206992930254
0.24557638782542351,-0.8261422250294622,0.034819473828503554,0.9303432371959176,-0.44434574847063063,0.3575528955215061,-1.1536806168160516,-0.7106472010474656
0.9197155327698564,-1.311134286505755,0.03527982626355617,0.9747196021832761,-0.6090513431959603,0.34573103314589043,0.8165752052728841,0.21840937284097445
0.08893243713573773,-2.4713634826078037,0.9500503558755824,0.4181995293659796,-0.6887760610773778,0.7440183076995479,-0.2704376487878536,0.5352284397327536
-0.29459696301364086,0.3456664612427567,-0.09777352532510038,0.02896005868295115,-0.2719148682056749,-0.2365743333855272,0.06254889569003706,-2.014463318047437
0.12692021700153097,0.5752353808764338,-0.6360937351141933,-0.2863168865605987,-0.43441994806581885,1.0260079551507453,1.605955760399594,0.029205868671199023
0.549142186598538,0.5877652377875372,-1.0316469075532253,-0.34134292578719094,1.4171975151522673,0.7895110707631834,0.10613467549715898,2.7389877867886843
-1.6592949577214293,1.1685528927886628,0.01170418861743735,-1.580223801924544,0.8284421411764484,0.10289755452693315,-0.721167903241248,0.2912371139874661
0.608154393527019,0.35279804787539876,0.3524837640509829,0.5307126688097035,0.4992245038431311,0.42251674073945733,1.8522779199789252,-1.2564641107690746
-0.3560160758583151,0.007304197771511876,-0.3326002622392128,-0.06130353483396556,-0.08842054440506664,-0.6185951033809893,1.3832506878814086,-0.8170762376801214
-1.4856470009745268,-0.07234675872164456,1.9423531253639124,0.7030617298061588,0.0049456600809521635,0.7471515934774662,-0.6666684239620393,0.7632198302072369
0.6744518153418354,1.5627003736159595,-0.06477807183855823,-0.36532584797258544,0.8075003969441519,1.1147916947301608,0.15686746623592235,0.6120564081185202
0.05819398495166446,0.21230459863056095,0.09978547782941645,0.8431077151081243,-0.6645974493266411,0.009399202588922599,-0.1051004129981404,0.368327446238519
-0.3891230918704471,0.41797696980474125,0.5504739141233195,-1.6549072020945568,0.660435195352051,-0.561443492471601,-0.1617829234258564,-1.2937748327376666
-0.15859992144694668,0.7535034680968075,0.9846672134469914,-0.08619537274135713,-2.1823731944635902,1.1667996375786536,-1.636831702157985,-0.5059519357917069
1.2632068232442049,-0.06710959860739645,1.2550486454123737,-0.7371790041453268,0.6155578422376523,0.429135893337987,0.1896950646661598,0.8155308224102948
0.6478422507512375,-0.697961337756518,0.8393531964998714,0.5159006050091807,0.34291776955055564,-0.009539668737619971,-0.6121625004463728,-0.3237114354309784
-0.4938972598035383,1.3600356334956363,0.94895823965685,-0.6907349217561698,-0.6350128624555612,0.21748589832404633,-1.2668083558533139,-0.5625812596029396
-0.34052156158611846,0.05427316432122538,-1.0575524908075835,-0.13039233848832746,1.3993903667198218,0.27464918417059586,1.1698877770424414,-0.5151973393426488
-0.48143260094595364,-1.5038842860964388,-0.15263793455176897,0.2269197534395757,0.9254799454608054,-0.8152445608518102,1.135010999928754,0.7077368929916262
0.4330823772248171,0.9081902922219697,-0.8559407742916033,0.08868842206340276,1.2487264542792291,0.7006584367687599,0.5004675177569106,-0.8315794480146107
-0.5062842896248525,0.6647782095377219,-1.2379273536143203,0.8470042212097365,-0.3441887696609524,0.23401617885867035,1.4060762494073744,-0.46987390365645976
-2.207701488672645,1.004912387093121,-0.7659661817701919,0.024246941864329578,-0.2284291985549661,-1.4749722160683238,-0.6040229768631735,0.7885217473160919
1.4607733811819075,-1.8022490822156323,0.9842850731129897,1.4050563237417626,-0.2937406270901378,-1.601333337674938,0.2918962523059279,-0.7742618761199825
-0.3831828362577561,-0.46740888236275646,-0.13589838732407258,0.9742191197669756,1.097470209696343,1.6848536218279768,0.3434203301348118,-1.7181148387630043
-0.40221984194381016,0.8128978513224362,0.5676724936124513,-0.7662401573421773,0.6623748153535686,0.7293912179051367,-1.0842887182867056,0.9155797105215354
0.44192132180525445,1.3875822608556674,0.39685641712150727,-0.24036145672413312,1.028033563664731,0.4850284020221048,-0.13499702405738884,1.1692490964417597
0.4252895653436411,1.0291560048450705,-1.3358200431275236,1.6236615011888764,1.7724121481977482,-1.1689063325342692,-0.3092657195977935,1.2777462349813211
0.24211207833711895,0.038595200230799875,1.8328338421886499,0.5785854170097104,-0.2697412076659475,0.9039699880375371,-0.18978829144755371,-0.6608368157255811
-0.8937101920219984,-0.07971204438553779,-0.1874261235544169,-0.8139958352017646,0.20151887676368943,0.6089060956640475,-0.7486966213523486,0.22162196848112806
-1.0135511170399212,-0.3278620061557164,0.7713452378948228,-1.3050897843416969,1.1433311538507662,-1.1129404900497848,0.6241163745535754,1.6002899621405393
-1.0435309911160067,-0.24594924304334276,-1.2826728059433592,-0.15982741702040587,-1.3234974227431886,1.1624698692851922,-0.8561697499325371,-0.0566472952032767
0.3987877790539811,0.05146474941127344,-0.813814658824626,-0.11818827107282939,0.28299541480536067,0.6138741770961372,1.3788399766921957,0.15912319454200416
0.416436045108639,0.024618793992241685,0.7261002678961512,0.7913813543651137,1.3237002439270058,0.30903337671904396,1.7669841737234495,-0.8028334259646791
2.5171412399909654,1.2789054330577192,0.15313603095257572,1.741932939419726,-1.473902125934492,0.8419341921119627,0.45891684409159345,-0.2173504022423136
1.2761995362247833,0.594085520448367,1.438851928944785,-0.2456478133253079,0.45437213944616384,0.21887596961067465,0.34148801860085237,-0.8254025175611525
1.9919777381778914,0.5832752332268587,0.659133821597698,0.44863235473864466,-0.21001381666361868,1.0860114315639073,0.22165371653947755,-0.39968626710319843
0.33171949503992515,0.7690537517887925,-1.2892576063126622,0.6320569623155765,0.10149740364533312,-0.16950195715839972,0.5347911027762307,0.9697162568366875
1.175769982053368,-0.25788417061735047,-0.5485547154620577,-0.13950700288560694,0.8573343946386626,1.1215746655244325,-1.0336269949168309,0.48554436505779563
0.5537152474529767,0.4401008403509095,-1.7051122300111665,-0.3256773297727032,0.42136127537836243,1.6633775083175575,-0.5939370710912898,-0.137462004715601
-1.6030769468785453,0.3843459398910962,-1.240171033943022,0.5874595570363864,1.8129361578656134,-0.2459429736043828,1.7606236287924657,0.6844914474205008
0.5540360403591796,-1.103689584758117,-1.4810748766104018,-0.33106455746056207,0.38477887271113814,-1.0243018459475983,-1.7019667026771421,0.8131269077150938
1.541398508625074,-0.537030052154701,-0.9900151713800627,0.5880129493407996,0.8916550154905832,-0.7572657906807183,-0.5927193919933835,0.6347353635925245
-0.44789570320000155,0.3864186725188254,-0.42577505025697,0.7339168783754191,0.42739518251284864,0.5432395819731445,-0.7819701704980854,0.780319695143728
0.9975872952024114,0.6541880219118662,0.10887776783372885,3.0384315261257715,0.7248347512567859,0.675529461952868,-0.1399392070782335,-0.10297877706228963
-0.6124158654997515,-0.1587806201179743,1.1113904373671917,1.093260766707635,0.11484316055439656,-0.5900081211910583,-0.9541895181691812,0.4462832473211039
-1.3687570756232115,0.4246787615078812,-0.670318276171351,-1.2569981410484874,0.01093415702245958,1.3926170120350454,1.7250051801068733,0.8498613983199158
-1.0048248743470978,-0.47014267837630275,-0.6366005113814416,1.1280397606835826,-1.4002221145214875,-0.7755901107921304,-0.39533628476319455,0.5394573022238118
-0.571708232246223,0.06960807359938034,0.2133279007309499,1.4367590489193613,-1.0795715574613942,-0.700846902970582,0.06556491913224786,-1.0250569693946536
-0.374763544743597,0.6364724332340261,1.5238070840350135,-1.3000783726404093,0.9259840577835148,-1.0572991562659042,-0.0904909870684353,-0.630084993840199
0.25194194443217865,0.49716616174206574,-1.307921422225166,0.3918339084622866,-0.8734434494738675,0.39902936278524115,0.10432917792721243,-0.6202318094520282
-0.9651517452056413,0.9786885294498733,0.056430475530410265,-2.0971630767741236,-0.06886892803108438,-0.8690191835889218,1.5790961995992823,0.05987713162322373
-1.3309448878034618,0.7055655343254981,0.9773148590996806,-0.2639244527075408,0.042191502385611264,-1.0112562412425152,-0.409752993027105,-0.07273998391837144
-1.1871526912727686,0.2753601548409871,0.6134672658017953,0.23208441373051286,1.3334107285474603,-1.153250074266406,-1.144216486042047,1.4137299882752203
-0.4541430574048288,1.4119876610054378,-0.4301912315065611,0.5167865569560629,-1.0201149921860528,1.263313576152472,-0.4716641369025719,-0.7496946260116534
-0.4640796483906673,1.6360430092695069,0.2566722623222048,1.6575297406978686,0.106147382750732,-0.22145747801491564,-0.4540248564432249,0.028602107953420025
0.17703326964957355,0.7474890908784291,-0.7570821579820244,0.9815831149627233,1.842277149066928,-2.8366153436126202,-1.5897429257531714,0.6049384102847962
1.5950140695781618,-0.7298513677859105,1.111337665940416,0.43116286582997243,0.7830625013402979,-0.5226906925729526,-0.39761664540470854,0.3665411647220622
-1.6893141696838203,0.3825061230452562,0.828164487573359,0.035158848323290914,1.2564680078017678,-1.1539039148553398,-0.7912745364899996,0.13495040421162396
-0.7199199139076465,0.0704455709905792,1.0504810971285148,-1.3397738199309899,0.14506317368137786,1.1266475372749218,1.6731078386062161,-0.08018612462565636
0.332435445197595,-0.1633067592196715,0.7021421052712031,-0.4298395083774189,1.6124661341123814,1.47039291175587,1.8829094056250848,-1.2378225094479571
0.4943073204966502,1.082837471758479,0.04794171513994133,1.1951651876925034,-0.7845923457601527,0.8031708045789616,-0.6638305246485529,-0.43454885142130806
-0.18935664124703994,0.6942457161966601,0.21435908777438117,0.850962960348006,-0.4296354601650592,1.5517649629934793,-0.5857627450031085,0.5440405052195312
-0.27731681995477214,-0.3116882651317575,1.6216979749649938,1.10509093130482,0.37614415967963916,0.76861291112686,-0.47126038335730863,-0.41561342868409007
0.9021004929663973,-0.6991302958395597,-1.9745642204825753,-0.867674955711991,-1.540839834896954,0.3046900316792973,-0.13499340889350184,-0.8706215591398622
-0.19115330632833963,1.3458861108793374,0.1953857956530581,0.020926501568929348,-0.08874388262257564,1.608223662959158,1.3213877125835258,0.2826397810207106
1.6588539657361665,-1.3631971916741303,0.252615497117129,0.9838458713638165,0.6624161568424752,1.0650816452099163,0.37792481594934685,0.9302604000844756
1.0564198516423058,0.6530163405071515,-0.7605783604236727,1.1820952675295155,-0.1283688903395686,-0.36645576726632834,-0.15459507872903278,-0.9860715356644006
1.7251989877810596,-0.055899807255493573,-0.34194491762391666,1.4197502356304175,1.0045148614528,-0.8521968548954848,0.5043108135689657,0.28099202797621664
-0.07587314237654436,-0.30135125109053107,1.1933521596219678,-0.7940894271821627,0.8053285584511981,1.181792437105741,-0.6026968107899813,1.127904537508458
0.5329850530405957,0.9315694548250926,-1.9648719768817742,-0.13810267254578842,0.9551463791989225,0.6447000205345746,-0.6614166833586455,1.188913123833986
0.7882552024258368,0.5518555220904524,-1.2038932297528793,-1.2212157978304417,0.395058605342552,-0.2236130675326273,-1.2115782414747491,0.1178132483302505
-0.6027263946822764,0.5612718349869628,-0.37079666206708234,-0.7824920671415985,-1.5617515609596224,0.05684496377525222,0.08540197819590678,-1.179232632296045
-0.4674057757767669,0.9116776170554857,0.2740114334807199,-0.3672415946917909,-0.320383499901862,0.7411322143939916,0.48751101231570326,-0.5798130712839895
1.9118877830855618,-0.4386498407593084,0.49084368021144664,-1.1320474044612812,0.029358123011885968,-0.8288714540834747,-0.12263228254609601,-0.3824930855402442
0.8158110440234808,-0.8546023697691605,1.3937242601899145,1.0946505209965725,-2.4195118526969885,-1.6507855304820196,-0.2108628312597197,-1.9056407796808488
-1.8008037226583937,-1.1016599265244402,-0.6147099067912026,0.9518022947492852,-1.2073975265218215,-0.014992514239588991,0.08652470194262439,0.7147316843005094
-0.06723315088730836,0.2671887615757369,-0.10518404256468936,1.2518182647406426,0.13570689105111414,0.7398813801440853,-1.2986390592762118,0.4720716203538509
-1.6277484236798636,-1.5278768774511744,-0.6747298656199153,-1.136697238473713,-1.3368425999549562,-0.6135001128140299,0.6246126121226298,-2.490323158897585
-0.9509200058212408,-0.8125116747499016,0.012236957441326132,0.8832099648051744,-0.7689755080391537,-1.351907269298357,-0.33727906331768226,0.10528397899104502
-0.6013656385913685,-1.2329365901884568,0.3002147433433749,0.26722013547607,-0.7840790556019507,-0.1942639089729907,-0.02573286142561433,-0.12894943932337083
-1.37653360781447,0.03956492659124647,-0.3633447065712319,-1.0093314336615633,1.6267029099014636,-0.07388517637132948,1.2038157282973867,-0.7479516573310159
0.13098640258790542,1.112099834774942,0.8402516307172206,0.05040979446740394,0.6455683694966283,0.8416438856541394,1.276831193550606,-2.1689624871044964
0.5877621369177687,-0.5898963872417131,-0.383744850271917,0.48936963863577587,-1.0818575513832147,-0.5540314826776442,-1.801666249522201,-0.5499271777968083
2.26969834011924,-0.9337584891910762,-0.7221264474988583,0.5001798672598935,0.31802062693835476,-0.27071340859104187,0.675441345535699,0.239384279920623
0.6534143503739025,0.5831963424717934,1.6834642843378642,0.9084851989837487,1.0949332232657505,-0.6423302348777888,-0.8058739507582463,0.835754967901064
0.7740553293938927,-1.9722515354515466,0.808555525317304,0.025895082734435665,1.1385870611916125,-0.8176678568477992,-0.9068475502159595,0.44243253005016164
-0.2605820125932343,-0.8083096891833566,-0.3933843240337251,-0.46174490811920377,0.2755249408065796,-1.3450474040868023,-0.07858952379359206,-1.6707601732659947
0.8022206943651378,0.30472922909918154,-0.13269325294343703,1.3410261036478446,0.8615191579745196,0.9671111397805955,-1.0997143612209455,-0.7221669091225508
0.185219342377256,-1.098502856239164,0.8162986534897151,-2.2833950969146737,-0.3539787778386811,-0.85981424968666,1.8467841818018462,0.7622079773244038
-0.49063756221166216,-0.5132520381051758,-1.799124393350147,-0.4909969655257606,-0.8590148185632537,-0.3655745598509846,-0.5518389384950937,-0.11245100222538627
0.3564356548100329,-0.3930117519646677,-1.223679884603089,1.4424489915196288,-0.9772309321156177,-1.054262213194422,-0.8980843155246018,0.16032483900553654
0.25146588963603006,-0.343968994465052,0.03726793228272012,0.6348163133256977,-0.43693299566108346,0.1006339282082058,0.54238764378085,-0.48016287638049115
1.6664870359472927,0.9239104020454811,-1.618365562582168,-0.6369438841021755,-1.9931551721614953,0.1630842105628676,0.2149343071003007,0.5773739476591375
0.31650659270270304,0.33542080164204396,-0.4652137556114524,-1.6648983716148802,0.3599934259233076,0.03937115796779333,1.725117773031179,-0.3562549838543138
-1.5619435465061167,0.2971123058545991,0.8248439818155149,-0.49894654414473966,-0.2647560806862115,-0.4969727122493904,1.066992817853377,-0.9813262256745817
-0.08945331048682356,-0.39191678521339074,0.05392879303622204,-1.1028305090197126,0.8464991114619168,1.0516183058229052,-0.8988400723432148,0.06516626862994013
0.3289193455159472,0.6965282199608774,-0.7095082474864085,0.6650537293925393,0.4590129539672307,0.9122029313425837,0.25602339961454135,1.3305092215274859
0.020655014351393563,0.5189600360009613,-2.981627150763636,-1.4837756777462439,-0.21128678833430725,0.4662422945078194,-0.8598307707712616,-1.4133681507070444
-1.497147914290122,0.8983247703137274,-1.6614638947728992,0.10318521417002073,0.7854248380341339,-0.8557672254542219,-0.46125587106288696,-1.2548374529778448
0.09690620610323053,-1.8105370187487775,-0.6140115921863267,-0.7135244094196543,1.0116282285182219,-0.5088136228239686,-0.46600278732634814,-0.5824912987874254
-0.8055758836143193,-0.12848935104345607,-0.3909427674973337,-1.221714697023837,0.6315945310286488,-1.6335652074146036,0.6885123927890915,-0.23094807537666961
1.121794537376531,-2.01140008945023,0.3275111359298633,0.26632839725255714,0.6271205466803802,-0.5237205524873421,0.41104067869450833,-0.050288008702581
-1.1181189916374885,-0.6449686066942542,0.5679242257057656,1.1441916027848638,-0.04728677745162881,-0.7739833852130096,-0.15297811087808652,-0.2800841123822073
1.2563788570543741,-0.38754322724431534,-0.08469150147679187,-0.9288189463966,0.2532046874677173,0.38566172953440775,-1.256920179299474,-0.8509815732417387
0.7633315425905418,-0.8304621776842339,-0.5413189109082416,-0.8526798317149126,-0.700015282603919,-0.5457061261927475,0.9546956979514897,-1.009898584417391
1.9364279008330358,-1.5432565785363226,0.8249310482682258,0.9191386184260961,0.12677744054602919,-0.3170769177561306,-0.29342079093886364,-0.8799440587622837
1.330782959656707,0.1980242855620515,0.2261095577653014,-0.9591157729652561,0.6182571476349318,0.49947595542754797,0.18783226107312137,0.4359641994222238
-1.1886874397128644,1.0326892853236844,-1.299905067877701,-0.8642314803528476,1.0831147110674495,-0.43261566322084377,-0.965074995849851,0.4076937720585074
1.0988602730026404,-0.7890060354824685,-0.3232184683966076,0.6799974454098101,-0.48254684810466464,-0.06668329176591697,-0.8338565653784973,0.13120621315520822
1.971616688484631,0.07899422618740974,-0.2087671184137196,0.31385844702231014,-0.06380479229757231,-0.06842832226764256,1.4865519082321936,0.14658512409901728
-0.1470102459383877,0.2501506855781967,0.1573204305139503,-1.4213907601668738,-0.313529097347478,0.7868730799045709,1.3102943808167535,-0.8121744753741317
0.40382903420651145,-0.34528328696907606,0.43786129662921547,-0.6875620308709772,0.7793179878635206,0.15439414517311903,-1.413749868297355,2.046602097478966
-1.5309883697598197,-0.06538866150025316,0.38466888444697594,0.8488382983454481,-0.7534092315890746,-0.29238803821251147,-0.8485938080669535,0.5486966108887836
-1.1362638002936702,-0.7545169610516174,-1.6961386431925825,0.07747952857812358,0.5626566667009192,0.9729266219934913,0.16732845577396385,0.7507670907219098
1.0532161931782054,0.6662741736730489,-0.1602378153317666,-2.237822389302181,0.6497573819805137,-1.0770262264226655,0.12810360713158359,-1.2651247875225928
0.25639912289969147,0.672863141591817,-2.8959282312980346,1.1835076333758288,0.021867069752710497,0.3471020294303488,0.9815118255111827,1.5436242175889747
0.8142250324515771,-0.6293556768704812,-1.4972823724694257,0.7852130168462746,-0.20732608352925916,0.9556300082030907,-0.8011647584630359,-0.2032542972981695
-0.3345169049786229,-0.03648928335939422,0.14855390096457038,0.48966203386419205,0.9410793802354189,-0.6650900456822065,1.5449876195631702,-0.2231759817619057
0.8604396412797765,0.4232342714602701,-1.4079262938600574,-0.17827590384746891,0.07357418231219004,-1.250246110863398,0.5067864973273237,0.16418912331814325
0.5798295121533399,-0.009430219088882762,0.4652928909842188,-1.3525431190773711,0.4002458605019921,-0.23557055161832263,0.8600289171954286,-1.3860310461597503
0.2570011510064477,2.101345115840429,0.12119747411434274,-0.23090816349292534,-0.5738419913432182,0.2041003884484496,0.26339763575806774,0.8144429100252716
1.138034057346135,0.7571408960523051,-0.03229590513493295,-0.08386975809211485,0.4832988369540817,0.3319243460434508,-0.6781472324544157,-0.6378609266041576
-0.39561598630124994,-1.2370370879285346,-0.5894186118446165,-0.8003286703300123,0.9675137635681424,-0.24359470453299634,0.6999135643469496,-0.2282030542402939
-0.9743568170370239,1.3393821124044292,-1.0339399708511408,-0.3501767581526744,0.08382753037850779,-0.6062435681065564,-0.8939689767648994,-0.36305241490531887
-1.6443704623985458,0.9406023156335487,-0.5597227713982253,-0.11260447647820128,0.059726365501842384,1.1754126846986592,-0.6269940864661704,-0.3158156652650576
-0.7029619131592996,-1.64018921460987,-2.503770776592494,0.7779533914273632,1.1655676961704402,0.709315703607013,2.221704889429855,-0.9426450229122663
-0.41002495362277974,0.312088655756699,-0.2929692416555538,-1.623719724373647,-0.7939798526958806,-1.7173949317922392,-0.15100747163811937,0.45561079981902525
-0.39216782160228214,-0.6034740205862111,0.5122441174194102,0.4229406910694482,1.9480430814365561,-0.36838271796268784,-1.0572253364919506,0.43648380062942965
-0.24594662888637014,-1.0775012029100315,-1.5892110111725075,0.7234339189312667,1.98133655223891,-1.1407202266039402,-0.08878487095742114,-0.9505525386133741
0.3873659806930309,0.5988555953682433,-0.3933997708740838,1.430690381307234,0.7460249263493957,-1.5077403387472106,0.3405753791896184,-1.309765287244829
-0.3293287940536483,-0.7200308474301453,-0.646338058685168,0.08480113685800243,-1.0871768922101293,-3.09693693482452,0.6945936855171134,-1.5347618665449088
0.1989780833001858,-1.2760323864796532,-0.5496987172630868,0.05973521190073287,1.3146333891410986,0.2300587578287883,-1.0192775980669417,-0.39459759045296355
-0.2984343673321128,-0.9962919351805221,-0.7066991363146812,-0.21878639690772458,0.40989760178058604,0.681975581314336,-0.8261208352856165,0.7802501195998475
0.29605711517887817,0.21487738625179678,0.9494638935653035,-0.14515234796948767,0.7079111461326001,0.4233669984551156,-0.4778512205468186,2.102498346928018
-0.19493285568972418,1.1464469462822007,-0.1598305742026032,0.02839255679035058,0.17066538722792618,-1.4025564967664073,-0.8106816480347592,1.042983250454986
0.18278173459209235,-1.7208062580147183,-0.17178292626412195,0.7111533082349325,1.4626203087364695,-0.8611398969571196,-1.2859821820762503,0.5460064243896747
0.9633915369846832,-0.47876320411822315,-1.7340108951752835,-0.12996227616037573,0.7328485987479898,-0.714064139142017,1.38546105782853,2.1530360869333536
0.6345222071145463,-0.37163888366428705,-0.4678738025094959,-0.26315865664585103,-0.2526058933743671,-0.868526356613534,-1.8248221910516977,-0.246519632021842
0.16417244904184713,-0.4425278850006883,0.21398680647845833,0.7215792280385723,-0.6638814523440482,-0.8539266531805396,-0.8125726634676033,-0.5597950687957335
-0.37193277625451937,0.9099538840292793,-0.7794896017466766,0.3145085271090109,-0.39553675071098227,1.5605322434728104,1.0219925001421202,0.6021621680706059
1.5456905492639648,-0.027827793747585098,0.3416452327332864,0.597425719247408,0.26817143704175855,-0.05003652625787607,0.041121825918438035,-0.3434106704264185
0.6220497078677109,-2.0125560979375265,0.25416655780991926,1.0692659602260919,-0.9736063609260662,0.7176379199530296,-0.6445097493289663,-0.3823478400099844
-0.8588284212550334,-0.7199578690276371,-1.7562908562546473,-0.03810981138746625,-0.8218153001016253,0.9348505835161671,1.9975974313116935,1.628090282902214
0.29646411163630365,0.21711253508580655,0.40004565385035756,-0.2243701456492565,0.8577136472917404,-1.7601118496727988,-1.5626086175323854,-0.5043048112259978
-1.1286297574103274,-0.32276060151018443,-1.9262879748457513,0.00928176500246183,-0.41468144140950647,-2.0022588510215007,0.16732059378910916,1.130229931836991
-0.10268193248969595,-0.4039565737650428,-0.3908029670015754,-1.1871056749679567,-0.763040836204795,0.7297869077797734,-0.464751179034782,1.7831912487984987
0.4264575539399045,1.4286407942276447,1.049682854175624,-0.1784334053191202,1.452532015127962,-1.0055584851138193,-1.3229886905210089,1.2484904990893304
-0.42319884939119484,-1.575005903077182,-0.42113049581953743,-1.1832532066143522,0.5927981130989314,-1.2541458944017814,0.5961433677623477,0.6344099105712998
-0.6654669738537163,-0.23353620680122864,-2.560309704111981,0.23741737073851238,-1.3721233182175268,-1.344459906847571,0.03777098491065916,0.18872171879592495
-0.3832490910537203,-1.2541009366071338,-0.7429652568128818,0.7111916585806521,0.44402280901812186,1.2180906923314865,-1.6094271129050044,1.988003680569286
0.7093142005243407,-1.5057079153739452,-1.0300295807236544,-1.6347610410120232,-1.0806172468394353,-0.0044594553430903905,-0.47077096885246933,0.7260561395074934
1.3253007058238444,-0.2583334056554426,0.5608364433925933,-0.7829163459489643,-0.285100269483303,-0.7925549050643428,-0.17604080127633048,0.8235174316340709
-0.5180758102568941,-1.2496849248032291,-0.5606524594665688,0.4316077864379319,0.6164581981851074,0.9460443331749835,-1.7148191748534893,2.109487744251422
0.8285789313833012,-1.1777475686362713,-2.181518053803972,0.946495257751892,1.6972999643184055,0.054226949008573715,-0.602979753663549,0.25608482472591687
-0.9987626852019517,-0.3097725066992906,-0.4635319174295696,1.1583960566081617,1.238570468851021,0.372583538548869,0.12099214329973647,-0.4562606752553262
1.6624552677319522,2.404089692326011,-0.3261007600232906,0.3941782106061229,-0.4029957043425269,-2.141483510963627,-0.5549770476669953,0.4592575405138643
-0.0008152963391819096,-0.6651183062147243,-1.2720781263132526,-0.9618665304169818,-1.6259261952212145,1.0580191507154568,0.5288189537587328,0.921922471655241
-0.5132920108400585,-1.6345411985221971,1.1009584832615311,0.4203213249203567,-0.3548793366960635,0.15316994420588884,-0.20028316987563288,-1.171592081366706
0.6929680347424061,-0.4290613026425386,-1.1442661122794406,-0.4201791691056779,0.2036835725150493,0.42370341775904047,-0.7313688948598936,-1.4410717467602858
0.8532103300262541,-0.9158339807580678,-1.4624995599581023,-0.8574094703805722,-0.9095527517987403,-0.9851671564536092,0.4137844497246134,-0.9096643150207189
0.5121678509731975,-0.24651058152230992,-0.02928742463975708,-0.13328377725181603,0.886725401797032,-1.4194440293755977,0.5202478222966966,-0.01797626910420084
-0.5743015672348722,-2.9831317768316,0.18385551034138153,-0.5113555346661619,0.43482634067345594,0.3375616069443587,-1.5280363670201056,1.5941231752106058
0.7203806531989302,-0.7343837868131784,1.136458418496928,-0.11990344992989614,-0.3993377590433536,-0.5094314918953626,-0.30431594294485464,-1.1543370610682135
0.32817974766537766,-0.19119880505333672,0.041711617771098136,-0.5012249324807581,0.5701136923963267,1.0429325234035196,1.2552590081202954,-0.7028586570724444
0.3928158529413522,-0.9607396844571471,1.766949455931448,-0.4392209503203863,1.0322148202308497,0.3435739685514924,0.43771576111263355,0.2837193705868651
0.7652845957757525,-0.4445940302071588,-2.3947377929341345,-1.5870349106984947,-1.646016510774348,-0.5307840462084572,-0.8136607906206101,0.24054027225704958
-0.1386141429482488,0.9330912380626751,0.9238062283994734,-1.2059430106560038,0.18114873944504428,0.5243714097160297,0.6878774117892841,-1.6508002841440979
0.2499591870938199,1.391667363601309,0.13923196712818234,-1.7463188497271225,0.20690997177654183,-1.739221910045615,-0.8873663833102313,-0.14886988115087943
-1.1021335676478852,-1.5331292963568008,-3.352487003883179,-0.8491921498962672,-0.12588488131990505,-1.2712723229011167,-0.5745386352017302,1.1211360304419036
0.7735724253942114,0.6541528897726011,-0.8296580085035785,0.0874220781104037,0.002812582972139804,-2.681668874190907,0.9141048146547105,-0.9069810072860415
0.5236282446418824,-0.8904962084717328,-1.2645721140362929,0.3086189049769992,-0.3513344258520821,-0.5657394816781479,-1.1091649389911142,-0.5804551177661258
-0.31562560617507585,-0.9940721674591454,-1.1384149442116889,0.1319192939615703,0.31559829695622804,0.1291672876168799,1.4863611903555174,0.4417067460508
1.102015373130874,0.8196632558086359,1.0547350676252567,-1.843007376628945,-0.6767681028465707,-0.5076614629232855,-0.7405215839791656,-0.23019284422095165
-0.6805491538419897,0.5142911871577018,-0.5302305853030016,-0.24059585156274896,-1.2034022475334314,1.1559716820574952,0.13438724142846986,1.4215237539536816
1.0589879394463073,-0.784971187423593,-1.0069827315535627,-0.392968972212355,0.025800190533416405,0.09115207271751158,-0.2127506813203542,-1.3713243747359969
0.0376690210457603,-1.1939363744137093,0.2999205366122114,-0.24746257286567486,0.11594607373363067,0.4391703014201959,-1.522824508540541,0.3408390397350695
-0.41478082904553915,0.3462450986659512,-0.1623939503359596,0.5452366135917939,-0.456033060900444,-0.09598192769059503,-0.4388277035657142,1.0936944714188022
0.015006507315751469,0.49694376643183924,0.7810375909166888,-0.2097532209196,-0.02800255921778384,1.2603966923059382,-0.23807598095414134,-0.047087838712214614
-1.3349243219107583,1.44353850741157,0.03967212423700929,-0.9739339301540069,-0.9199451067024719,0.09427815134304542,-0.5959985036981738,0.545782033768865
0.0262301607586644,0.024133385747604808,0.8246265988353538,0.40957472526995087,-2.5086522074492024,-0.060215151545159745,-0.9991890457316219,0.06951011545289137
-1.4452493655881544,-0.2700934410232541,0.48141135121219963,0.012753840129936744,-1.1350974270694836,-0.7578644367666794,0.3002017398880709,0.14301119136242993
-0.20669420732133903,-0.575769426641063,-2.700647372281283,1.5079066728670698,0.08798109743225034,-0.20018698750779268,-0.9749143775952291,-0.6964399416252726
0.9367276978949581,1.185191825815171,-0.26434426584569387,0.06143411343987758,0.1731300016523978,1.258641448233046,-1.25228530252533,0.6646559300626677
-1.958174288629185,0.07364852070197671,0.7102251191790812,0.9904085203248785,-0.1822652187442431,0.0860028325294054,1.2059071242394956,0.7779105537844897
-0.7234044115473572,0.2653202270436563,-0.13751065550797903,0.35385177811090024,-0.5464232330477199,0.6826157060671365,1.8852218225540232,-0.6427548088909952
-0.0011249103772506964,-1.1736786185203432,-1.869568642628317,-0.0972606485226921,0.1466626898773947,0.556347343960635,-0.7847236784864948,-1.6657009331984065
2.138334180362669,0.10058991865841105,-0.8619711287278599,-1.556347442142402,0.6832404017465602,-0.4531178100886524,1.0290411865260445,-1.974564711996042
1.7535761484414008,-1.0942608712004773,0.0826924096028996,0.7009295934772917,0.9674099658560864,-1.0350313062245666,-0.3146963812356111,0.8447309715340149
0.6774562867021455,0.5341198470551579,-0.5810526747735809,0.1819123451387843,1.0377177277399936,0.2531763694211605,-0.09178905814367251,0.3144221807759502
0.3708857486894101,0.2122298964663407,0.4554752185996621,-0.6630387113879036,-0.7439444578991584,1.1474422589705315,-0.13251845033277668,0.7592293260791794
0.7265270562990227,-0.18805044867088397,-1.0667295713044544,1.06498936932575,1.4346368110014933,0.4189122593553578,-0.9802736333673144,-1.1729682496718652
2.2186289360134697,2.349274960009218,-0.42008648109536456,2.8386884610453444,0.16843208166285065,0.26067698693807606,1.359440978770401,1.3895965130113288
-0.5131307703400959,1.7504351320766696,0.8492391263324959,0.5506969400938376,0.08560528053980625,1.1273655560478426,-1.2379308324833567,1.3592296047693595
1.9411186409408967,-1.107773195583166,0.39150489864765153,1.1029000442118535,0.7981428759775429,0.13113302407933658,-0.5187050501197132,-0.021996605883224763
-0.08079677900779476,0.038798150868606496,-0.5137537880148821,1.0365407195835685,2.496022191251165,0.6188276183819353,1.2762149119632558,-0.44843094368844455
0.8046996876647031,-0.27606321922972515,-0.9904601420127718,-0.04077580185791651,0.23038897938863276,0.16565479515300208,1.0055236039307507,0.3864692351486729
-1.7620233344612997,-0.045138935180298684,1.7247772902950615,-0.43094328635103996,-1.7280531356985611,-2.053069566624463,-0.3395129109886514,0.08481968540489201
-1.3925593509681442,-1.9807369429411967,-0.09863857069337557,-1.8580314788950165,-0.17111496775371604,-1.1953488208328527,1.304164663896596,0.9241498339941111
0.439544854962549,0.6866018357352323,-0.3107924089486177,-0.4600522276181403,0.28124866527627024,0.5452798775223708,-0.13993998973343924,-0.7387517147467445
-0.8345300192925743,-0.7151781420186565,0.6265159002297388,1.0821396120298334,0.09565899324938827,-0.39501690389158134,1.8152006259012685,0.9927717378754358
-1.88215789239152,-0.5822966157651825,1.224630713167748,1.484160305953809,1.4637436638039958,0.0045212350128853345,-0.6554572229747779,1.7750540817890441
-0.05121360912064158,-0.3857914888681707,0.8454821939489747,0.2929179742867099,-0.650467155328814,0.6146387304540794,1.349288911675122,-0.8311349239147615
0.9448031721163155,-1.1177251899135623,1.060819762577488,1.2298739430458654,0.21974670936624932,1.3547718898831334,-0.0158727723305131,-0.7646850964153772
-0.3766983275212984,0.3974732120604338,-2.418378880247531,-0.1736840843233855,0.3623202352450471,0.5433908034113212,-1.1308783165693592,-0.6961125953279373
0.2391684884291744,0.4993831633426146,0.2816820728758702,-0.17708722736288196,0.2789038971348786,0.34707163080622794,1.0473231980449638,0.6387940735994929
-0.11405087023287687,-0.714213100735679,-1.905112108243095,0.7416171163082956,-0.3549265028931813,0.14938660395188721,-1.3358265574080774,0.13085281739494675
1.1404134963422987,-0.7608113196661828,-0.1450834670596478,1.1880611289971938,0.052744122529484794,-0.004942507891545598,-0.6531064333265811,-0.4641392560584756
-0.4439088217138295,1.8773291663125693,-1.1167157204415243,1.0000820264879704,0.5613221590019818,0.7134209381789943,-0.5018715667068776,-0.6090422458495657
1.522493335590557,-1.2999079856303537,-0.5530521466357885,-0.26974198433329066,-0.24149546166340263,-0.3446002957157193,0.3541176365274458,-1.24306185733269
1.4661475392190244,-0.3133418505781321,-0.417541033233987,-0.3141093009989346,0.14911891395179222,-1.0825607380451472,1.1429237982904714,-0.8441958356988896
-0.4619591573479078,-0.7174230437423079,0.8867600785796235,0.7116025293203627,-0.6928058118421069,-0.8308242410176963,0.22787734132581272,-1.1784963244701165
1.1977957686944878,1.0595544260165286,1.0122420470128541,-0.18268694682617398,-0.281265188779785,-0.039262735029510665,-0.6542182006376404,0.7323699498221014
-0.04678803526231351,1.259922247199266,0.381255575858634,-0.3981236842614194,1.5993017558675033,0.9225622513243231,-0.41078066561995524,0.3170132746809623
-0.15677591648985753,0.7733706252313749,-2.2980243371817433,1.409321749074023,1.1125450499043978,0.03105545768077811,-1.7007325710015653,-0.1608250515577517
-0.47893247095722474,0.2841277385295781,-0.5752342773588869,0.13327933780439502,-0.39095537685784626,1.073051966438479,1.3080259373683145,-0.34516439688232603
-1.046286753776699,0.4980892559499929,-0.7975181465501521,0.3711323512207024,-0.059057253120775685,-0.09770018349869687,0.17134607346783826,-0.47135121955331744
0.4837186371043845,-0.6089970615682194,0.39021737423737846,-1.4909657628247932,-0.6350969028979677,0.16379920070042508,-0.8651575251527888,-0.09950256981886446
0.7496181376929223,0.10253154726726584,0.17299797256992006,-0.12639330681246067,1.2704325814631041,0.23697708608935253,0.22943705617377844,0.7600259814398789
-0.7554054920410068,0.5338155744528464,0.7863038772290695,-0.21329332291849712,0.19781475228199322,1.104756194638606,-0.37129410383331646,1.0657488248173712
-1.1727987146384928,0.6319573572192441,0.21115388043069575,-0.3626675232675969,-0.5908526657642054,0.27694561844348653,-0.6013628485241489,-0.14592364923919687
0.7169150006594647,0.4694224141748989,-0.268670509469679,-0.8555479624098109,-0.5916892731942116,0.08516776238865534,0.12074036540383325,1.352102163963186
-0.9642614808406494,-0.33494121489699397,0.03284838102937774,0.6867686548161711,-0.6456178227451641,-0.98834721910291,-0.41642784371049685,1.0430257624821624
-0.21217487424983794,0.812723981976605,0.37027671285660024,0.38889311680835675,0.5934806595051247,0.21264347516440163,-0.5840027278992862,0.8843329616792233
-0.16305666236908903,0.5305932681870077,0.2829222151965239,-1.6937011197800806,1.8127103691321307,-0.4047361256984043,-1.0455364011778574,-0.33329196655347104
0.5737317965902098,-0.5609631495599267,-3.2060142224284287,-0.4888875610533188,1.5252153539867486,-0.26941950598485936,0.8839020186545652,0.5866039613612671
-0.7344094305212528,1.201174474375177,-1.2351189779997755,-0.6156813620920197,-0.7717985365975966,1.783344632476335,-0.4574813391135652,-0.5998735672729948
0.886316227033029,-0.6377710950153774,1.1767632054654282,-0.7416982410124007,-0.9433724222975665,1.5996154437906858,-0.7187927524870942,-0.21308588511922708
-0.2424504211718493,0.0367991229631016,0.06895999273847764,1.5416866959339215,2.0431548346091675,0.049097023170207026,-1.338609831525105,-0.9244873053821159
0.6334938628047242,-0.6340492537324428,-0.2818407639237894,-1.4011715702652259,-0.7943281281587471,1.2252409138053963,1.6980577844942109,0.2747441177987988
-0.1619421962450321,-0.29884888394946674,-0.5289904164690886,-0.3466647862137884,1.010569961293926,1.5654472171871538,-0.38062555073050697,0.8695759309019776
1.0306421955668545,-0.10424658405140132,-0.14020460899638543,0.6353341270614535,-0.20001455955762407,1.7178454602937172,1.3752741552263743,-1.3468134566821213
-0.8822309729539313,0.7103430668052666,0.4081103632526364,-0.6910421374432811,-0.8496198843106778,0.32950670895303685,-0.8510017387119482,0.19377943411271722
-0.2883454164743593,0.4747000178622824,0.13400390165997028,0.08969985549296243,0.8062184883816276,1.8990149758824528,1.233988828542045,-1.0148658294319164
0.7067505277552141,0.9783606098025911,-0.4851176586257182,-0.21020844331868913,0.12183114117744523,1.0558667854123003,-0.8780638159851519,-0.30590964950094607
-1.8137642953334774,0.30027360065890696,0.13835207603077485,0.1445047244125602,0.4600664617826351,-1.358638087436462,0.5753970497472521,-1.2988480580383794
-1.1455107635801085,0.9842503918589134,1.4367016946389453,-0.6288305130529389,0.9289143102420886,0.9041891530121906,-0.4952796588282314,-0.46466381550002106
1.9998681180881068,-0.22376042881924046,-0.017995261435297987,-0.7551821366315996,0.32859881711668,0.6566041848747861,1.1108893669866764,-1.9245878548123845
-1.582879378569911,1.1599220119715627,0.9362582775186009,-0.8668403227565327,-0.7399806898420719,-0.2659334316193039,-0.5420326043908235,0.3685927582475968
0.23403387810138934,0.5907713105913727,0.3836134770768938,2.4185130348704833,-0.36088512047036236,-0.4657633260206615,-0.4936379297141215,-0.1335756696975588
0.12639280022109564,-1.6247973230685429,-1.4387644973490867,-0.09136385644288882,-0.9107187143467378,1.0646942383376783,-1.235505984273917,-2.2301787813003
1.0507421347003547,-0.7095946922437966,0.8540835981100111,-1.5686832263686707,0.8713637131869918,-1.7554463663037045,0.22393563328209892,-0.06660475751119921
0.8085159462503051,0.39426679618329935,-0.5458274613180444,-0.03414623633562464,-0.9774168492205384,-2.2208623501889617,0.5233630134151245,0.2292892647308787
-0.47387467631095903,1.4028863922627621,-0.43247768986174595,0.1298482871087041,0.39385923916074767,-0.10424240024074134,0.0026094976949839316,1.3060743920024516
2.0466518122736894,0.2302025930674731,-1.1768911844341552,-0.5629708989142537,0.17242006869850568,-0.7548986049672725,-0.17099331631611694,1.2188372904939242
-0.5757905130690602,-0.13195980824030681,1.3521475940793708,-0.8855691940293431,-1.6138993619587585,0.9713679700629296,-0.11439476590993783,0.7872996666467317
-0.18990012833483783,0.12394590955065603,-0.5899927044658513,1.017849498727832,-0.16671431593084743,0.8256431328374465,1.8378822840781337,0.00949201284796363
-1.7861749427317153,0.36395658986825047,-0.062448886518475466,-0.4966923578370464,-1.5413550625796613,0.3098901838014883,-0.1041812648301974,-0.5122756554363707
-0.12496116108663193,0.665192001955209,-0.3455188745963938,-0.17058692678919954,0.7494341765389061,0.6927095813711075,0.21017543957756818,0.30744188611080414
1.081072986179418,-0.8873218335351849,1.5687686813235509,-0.6560225342372776,1.2666499156286197,-0.34033764146369294,0.1932682174394084,-1.5719114436198975
-1.231164735709706,0.9227135772081685,-0.03223768746857409,-0.32387387988351,0.810925071108098,0.5668553433218901,2.1390038761525894,-0.11179668805367542
0.5228664399168058,-1.1163133337013154,-1.1025737698188307,-0.7066875163606522,0.21600213550912178,-0.6166289129501833,1.306610937838299,-0.27913276546807
-0.1882649949370443,0.7152426829316656,-1.5007470147357975,-0.1759813999566502,0.45987447778901175,2.3754164857823117,-1.224861558481002,0.7625729360944077
-0.3511548063703703,0.006276273953030163,0.5074540303086408,0.7589729755260973,-0.3836407640096626,1.238435586192559,-0.5029559764232842,0.2668811906187836
1.3487921344546367,-1.2894281267574292,-1.8024025545430657,-0.998891806764308,-0.238878574415185,0.7512777359017205,1.3833941976487498,-0.4747796409021455
1.1983690310684838,0.34411275967421506,1.3240235779953042,0.38366663865270284,-0.09799517033547735,1.2113286748087535,-0.5949433175446612,0.2445324842740823
0.1659949493180263,0.7923072362695718,0.8130715102768555,-0.4088013746567145,0.1412891755199658,-0.4831555272535447,-0.7500095159079129,0.9016696571926233
1.8712305555225703,0.010894316360979794,-0.29921138612155024,0.4136162687659347,-1.1592240765329773,0.773252079519842,-0.4609687167250837,1.741804341440135
0.21843979608156547,0.4920696981982677,0.4682757796726542,0.3355559533333155,-1.3594185058930095,1.2433876438443456,-1.1664841825274335,-1.5168692106826347
-0.36731462737133963,-0.9300218045262356,0.20327048667472808,0.8425564098280808,1.5095654982609472,0.14621684498479548,-1.6411430682560404,-0.3660868811392196
0.49892871129906075,-1.1134723785970868,1.0457276695136883,1.3672168426377371,0.010084945584233299,0.7084878116039746,1.446756492130492,0.15560118234529718
-1.1763996487364172,1.25029069510924,-0.2244902561136009,-0.9119719039852896,0.08235140999039807,0.008933408850932087,-0.42235817672240683,0.8107914002556394
0.5622560098997065,-0.1418556532014394,0.33175876465358883,-1.171611461082704,-1.8136245759388845,0.7835542479279411,0.8567511831374559,0.7477706200980508
0.3664180207387685,-0.7410839091590223,-0.7848342807636911,0.9056408199977741,0.6088151535954502,-0.025434323144728675,1.6620351713618953,0.03889638730116849
-1.8470521595036147,0.7888499042776593,-0.7451480915688469,-1.3702977659802287,0.9216979723167308,-0.6406347439833989,-0.8024240000690138,-0.1178594015089389
-0.1824747136031858,-0.34667160455338925,1.4972809496602901,1.1510601296847973,0.32808672398202876,-0.16614101656527,0.1122853056012444,-0.9576515507920391
-1.8388686412071742,-0.7088149857514574,1.5452528310601734,0.35016859869758776,-0.1644908324674534,-1.2553793632802228,-0.6045000825456905,-1.2814026352824874
-0.8086882855415976,-0.018263610925134368,0.6678978653450419,-1.5060179186970506,0.5897540896526566,0.3936102411586999,1.0745780294333591,-0.147088376042968
0.07332551913174352,0.8973752569607218,0.28779865154247075,0.22201417808895216,0.138835714573435,1.13885270025082,-0.7095060908445111,0.026035046761058767
-0.11436065579883267,0.14039515193965732,-0.4249715468324105,-0.7276461569566449,0.12715336869748178,0.2609017963774048,0.1125441586496447,0.9977546453854546
-0.7300915294381357,-0.01875589797625321,0.9148607959308469,1.4485958812189497,1.026003588074097,-0.35981150472167317,0.44223397882252613,-0.7387791726609318
-0.11193716312418818,-1.4485417724242693,1.6081637004327636,-0.13633838720422245,-0.2643110293083358,-0.08443716318514209,-0.4696499614658029,1.4829775813868478
0.39994384561900587,-0.29350623148827787,1.2058263354857917,-1.580956119127665,-0.035995276441644825,0.5545831023660676,2.0227258129304087,1.0169153933991795
0.47062554883212127,-0.7982558681254092,0.6672698126630882,-0.3351554797555317,0.6902441835451005,0.4193065129625981,-0.4935418486403353,-0.2234102408955736
0.06057754838457305,0.9348662172215613,0.894894076787731,-0.6843120784532898,1.229934004534881,1.526002931441177,-1.18405811875559,0.20766838894010184
1.1170680352814233,-1.0562066508831158,-2.8778769731557188,0.022358734388337673,-1.9273899234288976,0.7877820204623741,0.04655320988229002,-0.09087749064636819
0.10580585188629216,-1.336219033639195,-0.2981845904263999,-1.3736178993597412,0.055603270277949424,-0.3299760503265588,-0.42168453970447345,1.6052913995297218
1.0545459708881644,0.7724482217726519,-0.2354554512321725,0.09051722170002668,-1.1605014295445744,-0.2834135953108282,-0.20318853386615307,0.04632486626517317
-1.3492801462601822,-1.851876309332895,1.5170808492022307,1.5546052259426746,-0.6976761319953366,-0.04740968803613753,-0.6520087431482164,1.7767621468610104
-0.25356185048680474,-1.5334915282289463,-1.0427826352110223,-0.5509246307425401,-0.5134301981454106,-0.5046267022638221,1.3059886890083936,-0.5626695219272123
0.09838947424308303,1.445100301268944,-0.05110340721770555,-0.47620074580845434,0.0858314540971273,0.6630335236985082,-0.22657036655500237,0.18392267945205412
-0.8295265708838694,0.4985718432783888,-0.2933915609838666,0.014942451530039723,0.3867361112092529,1.5094704881126333,-0.7810646339376771,0.15219332728028925
1.9408182781275871,-1.3956991864069885,-0.5641561025021095,-0.8336897158659414,0.9438258251137824,-1.1479695704874282,0.38127197094889737,-0.4509792264182924
0.5742850658228337,-1.654031673573803,-1.2926625770001339,0.1179154629925966,0.10869639985696558,-1.383720001167989,-0.11893058247409964,-0.8633612993501765
-0.02389802985967547,2.027225938614334,-0.09428606307220241,-0.6160344512943489,0.2708303036467282,0.7121050331919329,-0.3990559246425808,0.5671788400872763
-0.4944043983759772,0.5483233590060026,-0.5479200321451603,0.3850958258493462,0.3294231248006867,-0.29180938611051965,-0.01765415983718784,0.4744345741449952
-0.012531559856863534,-0.8856539844972859,1.7626252865583583,-1.7105025053564553,-1.4559595563212526,-0.3494003999643557,-0.5996038877134753,0.5274839757943938
0.8072807102247067,0.2984923199486219,0.11829592615400326,-0.5246713888883545,-0.2832910605507951,0.5368441417298147,-0.8010406810043154,0.258634099807916
0.533410006241256,1.7756215509785442,0.011321618066151966,1.140415508192674,-0.7784823435182574,0.9718315534799963,0.32303133663343386,-0.021233134944765423
1.0742565741158896,-0.15021339453267077,-2.176183990476406,-0.1713292575717982,0.6494622445327753,-0.5502698649740082,1.3244166980376868,-0.9763213825313255
-0.5105636482059067,1.2145041362093092,1.0017916542198593,0.6083490921880936,0.6403335546250528,-0.40499711850962344,1.1520963746271478,1.1384353168968386
-0.948666078228931,-0.909022319385384,1.0039070052755246,-1.0482148465102015,-1.0332375115234833,0.3031115978710315,1.045292164801094,-0.31254894964240887
-1.4333474616287234,-0.3402597036765053,-0.12558692669423183,0.25242594339106433,-0.7361856348207414,-1.538076988759521,2.453471656266883,-0.01107199894799412
1.2809716104797286,-0.2686436609330584,1.116761563357477,0.8562292791027228,0.6953996718152663,1.2931138358575633,0.35085737010815676,1.128224882039599
-1.2842118659748718,-0.8807174659794432,-0.10289158232463852,0.22143171769022668,-1.4938616180299358,-0.6295912666795285,-0.3758576418516048,-0.4313341018257485
0.25078217512107054,1.4191661166981364,0.6876245282517507,0.034689462472121534,-1.1313473696009606,-1.2689300256175136,-0.22653695891875514,0.07545102273025732
2.2664492485341214,0.7870086238747772,1.125078986472469,2.421110062086185,0.25456285299525433,1.5490846885927976,-0.0413571284520331,-0.7033406948445073
-1.0312974250218456,0.8756061843456404,-1.1237995280009219,-0.21664416294728153,0.054658914361454876,-0.6976018975821012,-1.346554538986145,0.3859129171453265
-1.5182907955526814,0.38320714732139033,0.64131636873463,-0.35794512198848255,-1.2317518679768986,-0.7035222527372169,1.952778508970235,0.015185174101494425
-1.4351494242852552,-0.9925109378715211,0.168496187243649,1.187881922481065,0.15735850975905846,0.5404899583483023,0.21288636672329503,-0.7915105291330402
0.7337561525060801,1.7461672459450588,-0.5793129115825465,0.10878515553212129,-1.0620936498137947,-1.2702240531741469,1.2933963191888271,0.3378802753891782
1.1765297770916996,1.4676306346131256,-0.5102761729599735,-0.30466465072630705,0.01329392276716404,0.3905353387752623,-1.2118740517409687,-0.20161215785349107
0.1965660387157198,0.03940674403013973,-0.7112653365941283,1.5957817950919038,0.29672036553867337,0.16174948494127603,-0.14518666275472472,-0.05725777335322051
0.677777774005932,1.1536287850950522,0.03995628233904251,0.47928662654369963,0.26555723273481047,0.548245126732488,0.762284588304835,0.749314039649255
0.8959985195868726,-0.19065023582547697,0.624077993659873,-0.7128256028152276,0.8444851296330251,-0.2363725584392562,-1.115655733205986,0.2412479061118278
-0.22119476032111804,0.16341680929212235,-1.516020211835496,0.5162486120961962,1.482089795044306,-1.3692940741426305,1.1785098090895025,-0.8657227115867258
-0.5225646077633588,0.8455006101692052,0.022720179359512753,-0.11448591894857214,-0.22047546053313696,0.24486734341950464,0.46315607709760676,-0.6596590333343682
0.423395892761943,-0.5609732752390343,0.4848208412249907,0.875923544803989,-0.1545271533460698,0.0859409742276077,2.0856828292404117,0.562513031121213
-0.6830638106148578,-0.1313823481420651,0.2561414422956431,-0.44356822719654054,0.29656895766154817,0.3695901925221017,-1.0320021937952717,-0.792669151196601
-0.2555175225382705,1.0099307293498094,-0.7697700171204257,0.6766876411098246,1.4371863539480305,0.29313456026439116,-0.9102095331257062,0.11191054073676188
-0.09585241625744072,-0.46324815695499993,0.8210664315301011,1.195655403634682,0.2889107632327448,0.26286877580306184,-1.3526378198800972,0.09413741677426336
-0.9773755316530097,1.2324587554204862,-0.8132669724358722,0.43318350404323536,0.11851068459149669,0.38774250982178754,0.16027428096866303,0.9080176163968866
-0.11213179418790917,0.4473321138478559,-1.8605545613346484,-0.24022369086442807,-0.5121970494435933,0.4901626789045576,-0.6493729945818069,-0.4882366740866688
0.5177667702513028,-0.27700309714159527,0.9630688467989802,0.8119495903602567,-1.5593015439603781,-1.0617216278927881,1.9820678633693969,0.47043443357717624
-0.09512818941229183,1.684717278089561,-1.3484029229044097,-0.754795439874535,0.721522565011804,-1.1272028604282593,2.0442744389994747,-1.155452791635369
0.7792426327279597,0.7807413996736368,0.7561728972818985,-0.23691590396165293,0.7355758062385256,0.18058181513784316,0.13562584058569818,-0.43192664659634894
-0.05922048919952178,-0.6319595541772626,-0.13430264245299156,-1.0332324273911226,0.7227443589986562,0.6224834973564944,-1.0973217440703928,0.1362632557148379
0.4511375836058128,-0.24330923091367193,-0.04124699430062012,1.4170189886931501,0.04366767793359166,-0.27188757139406067,0.7307634186734251,0.5916800731527907
-1.4233881348600637,0.05044486184041173,-0.9629589001858018,0.8159894143895237,0.8705577395876118,-0.666204903159172,0.7807043302560639,-1.1129631962195932
-1.1142965491357315,-0.02248031536545831,1.2577234965431705,1.6854177019782066,0.18327797293221135,-0.8586271206231187,0.09113362540705888,0.4823992917890738
0.23165293350230648,1.9805168047710628,-0.7272505329234775,-0.25802165257845017,-1.3521615719379434,0.2070811847696714,-0.14976335903289567,1.3075430757456898
1.0469038822147936,-0.09415271526001888,0.40707934170837373,-0.7013911427184097,1.0473901214790047,-0.30170397863670284,-1.1653443588889743,0.8100275541182855
1.4017840747556478,0.20770782878686403,-0.15882070330287792,-1.4829117844940058,-0.6511772234025555,-1.5913009352897411,-0.7566780443841535,1.2916299818141441
-1.2212159013499666,0.8050771980690572,-1.22737470047666,1.9834126641485934,-1.8099261246491234,-0.9982503685518758,-0.3409487985102146,2.959702350930398
-0.6192605688632592,-0.010649255490001999,0.34947489382465813,-0.25153856652881446,-0.6515806946399286,0.24037827426749186,0.40333500871304556,0.013750598509382456
0.12152198002436951,0.593559261646227,0.3269230716638711,-1.3135701839395908,-0.1966595273300622,0.8195253571276752,1.2628773640182318,-1.1151624044876731
-0.896173239724494,1.9064257996745069,0.02470311392139616,-1.3454127300653733,0.5090680796647531,-1.5984013420456418,-1.330276804853482,-1.1562871142073274
-0.8781384417877037,0.05095995887126521,0.2249693768716694,-0.40512544169742853,-0.08842183930215955,-0.0917980900596351,-0.7991177522783615,0.10128797808014278
-1.2806832563164214,-0.6811806738812737,0.3837194270646225,0.28498079212633953,-1.6729632184585208,-0.256550319339604,-0.9039981897302788,0.5635823764769571
-1.1318998433792569,0.4304869839078435,-1.3237234791035617,1.3302677895540844,-0.43418886168433524,-0.47285132485344245,-0.7027887665949247,1.1367770924064744
0.8874738220711705,-0.09774963928999579,1.0384807228387802,-0.1874442535371215,0.10198269334378883,0.10950135007002881,1.2772021723876286,-0.8246476357753874
-1.2048386820471546,1.171823445378485,1.1307296552021147,0.10034806637736339,-1.0057641313978938,1.1433246753459152,0.24174406198024384,0.9090384675101679
-1.5878898744672563,-0.8114211592498277,-0.6405250427249032,1.1898314803929049,-0.9567275484100459,-0.49642341666464274,-0.6992445211453677,-1.5019755107819555
0.7135250500023141,0.4142765065151606,0.27964613372707825,0.3815034505635427,0.6925534395220849,1.1917614389181517,1.6950255441657809,-0.6561391013895639
-0.5279905062577629,-0.4252555015531989,-0.46476831090249626,1.0717414476013174,0.11512460173899496,-0.6046192024525282,2.0613305694944914,-0.25724696019804116
0.3630439064296696,-0.026415365600317587,-0.38097336927683595,-1.1751712084039527,0.6139232315517444,-0.35759931492702024,-0.4931968536790511,1.3632514177085369
1.0205110112613145,1.1076106455301113,0.8541964489277007,-0.4481018387838702,1.4950751954053652,0.08771107440483053,0.41006223909121914,-0.11236196524426303
-0.9917269079712685,0.29801055689899325,-0.019199372366215366,0.8683129300986167,0.8180867908928835,-0.4778269340718441,-1.182911080875886,0.3874602431872317
0.1105398706254152,-0.6629582305871705,-0.25188039622276814,1.6684659486211733,0.7625480191919192,-0.692976962030555,-0.5197037613450008,-0.8814785343936704
-1.2552005216730788,-0.7299693870989825,0.9255936402948428,-0.1831381839974693,-0.07407833449219516,0.2261967342318116,1.4537178795511427,0.05074259124078487
-0.3905628104257008,0.2425253717879407,-0.8408486446110671,0.6413322078221123,0.21775975797602523,-0.7677354031099347,-0.819138561185495,-0.3622489469121788
-0.5590130055829622,0.46197523025374754,-0.06034129913110997,-0.6775918986890354,-0.2782561158706157,1.0036765413225959,-0.9297863365500213,-0.2639919830907541
-0.9682289589118332,1.0558004920315314,-1.8294618608554332,0.44503356112478715,0.5762775888483915,0.5949755848418212,-0.32804112297027743,1.1104457612319085
1.3252021737678388,0.6584583679070635,1.0304754098751239,-0.2359876881140525,0.679469106310977,0.4949556966077497,0.13555662787998188,-0.7297007436907055
0.9812424501735725,-0.6433019262731016,-0.3075629689941378,-0.014529506112198852,0.4765956771916083,0.6037387931154018,-0.2454592851473976,0.20162358651203538
0.948577414170057,-0.9970174084990377,-0.6326400631680759,-0.7205241568062618,0.5653662740711105,0.1449374531968744,-0.6172200272721217,0.20987905025602865
-0.6934095796369468,-0.39480257079620507,-0.17465928504464615,0.6818813458707632,1.0569086581196072,-0.8307481604275023,-1.6141493673611607,0.10691807243164879
1.6307310215765123,-2.22688669374194,0.9820396712284263,-0.49767495151967367,0.3001571265456134,-0.8457267843322926,0.09866142734714417,0.04756804218343044
-1.756302582760642,-0.6281267032552941,-0.7623437395292523,1.5347543242127228,1.3050075179761447,-0.2502400487633041,-0.8893085970370177,-0.15335494695606522
0.2496725519461201,-0.5919647781379294,-0.23309709845367263,1.7246781764197279,-0.17952404440448183,1.0896420912470817,-1.235100745535798,0.04975459107483254
-0.6976321946458497,0.5062921617205693,-0.3671936736419172,1.0839468708872448,0.7768340736034941,1.6315288820287441,0.5198720677606745,0.050175969347304755
-0.664378204065529,-0.20808012296220968,-0.42316602974771705,1.6971226313375831,0.04725786722859966,-0.874362195493207,1.0473796318465713,0.5084127344391997
0.4022197893333167,0.8300814305138503,0.056426933729463204,-0.21336488334644516,0.041352434345918225,0.8275214228643181,1.095974084861672,-0.16661809767381988
2.0118809063536562,0.6735339482575722,1.8241188792660168,-0.3939603853466146,-0.22915970406094233,-0.25609148857796915,1.4010099875834319,-2.627726120402044
-0.7013515694345542,-1.7430389343951942,-0.5460192091343546,0.5306766525828532,1.3235184407269387,-0.6939015662567106,-1.1590888420951508,-0.468868955304725
-1.4251938609396386,-0.5505703844583485,-0.5416047855362253,0.4806392828697844,-0.06530550677649061,0.2596664415022189,-1.087415930144039,0.40028608286162753
-1.471143652709926,1.3608636649376393,-0.303275500153882,-0.32269297548299336,-0.3045568492071626,0.5542022131011537,2.3452184491608823,0.9105783074353404
-1.6146245710326363,0.4037858511837947,-0.9489109998924046,-0.7241736490735539,-0.04743812771342862,0.25312676380589105,1.3976615234720822,-0.5953743783728502
-2.305422331140283,0.7721572744747381,0.4649547090898181,-1.714207918103189,0.8469487009637067,0.5481143251293727,1.3315448544991595,-0.5932253235374655
0.9709700110671747,-1.1801997488775304,-1.028974237053375,0.06939486704042239,0.6499911560784356,0.6732731039537931,1.2494111492709985,0.9907854575724631
-0.6335786524730511,0.43310449484315644,0.327951626817012,-0.5956065931053693,-2.337603517202805,1.1175472741711283,0.33700330889702157,0.16774846224494594
1.0712787057556752,0.34231620752378916,0.6749033907432911,1.241794239710811,0.46110222783119065,-0.17758127523358858,-0.0793803320905035,-0.16686001894184396
-1.0892108626808676,0.6644777803998372,0.7146533759650334,-0.18266382634004216,0.29205133778721376,1.1458845904173995,1.660815632845437,-0.9384257925959039
0.5441000788119698,-0.9612146996597922,-0.16601650371621338,-0.8728797776791931,-0.4172400256712007,1.117056954579039,-1.2960102551299026,-0.1563736699746882
-0.9299740802970087,2.628874657956599,1.1473041851094261,0.7360105678415152,-0.20837108457572412,0.668586025766128,0.6620000708814635,0.5860943224259828
-0.5495063291290897,-0.670910802613903,-0.20200793111160542,0.4749647303999366,0.3486987041239822,0.6551222852218532,-0.9851426889843046,-0.9423344514631506
0.04010219544856504,0.06650734586715076,-0.9701162523847462,-1.9527381360826483,0.03680731026451405,0.522659119111908,0.4220842527365216,0.17539547513885148
1.14050888851193,-0.36063467071189326,1.0722475031403842,1.715448299967077,-1.0819690125509749,1.6195412808934073,-0.32975056957097804,-0.8536600089116128
-0.5317112685147455,-0.9510146065834519,0.2710891430347302,-0.061720316536005335,-0.31553625050861117,0.07367081160340508,0.8876090134715551,-0.12354875338347887
-0.7857630365674259,1.0001537548128656,0.3779723368276915,-0.0020074931512335577,1.060026076708362,1.3818177717437379,1.4036886318763437,1.8142286734765232
1.5950777329704284,0.874573321035506,0.7129021081381329,0.00834952761932126,-0.8903810625477663,0.035860429966457545,-0.31339652627510195,-0.3784286892694776
0.2093807260575505,0.9839683884187034,0.6747868562262926,-1.075680849588561,0.24521894287630486,0.02682841120644859,0.8373420547637042,-0.1121979044932417
0.48478468014933573,-0.17734072084895058,0.4767266649099195,-0.34042943521298047,1.094477476605055,-1.3695735402638796,-0.0287511980199381,-0.570904542405919
0.18944044611524502,0.8644330508473124,-0.46516200214044534,-1.1457119827344902,-0.36466029609609496,-0.7066397576728751,-0.31975079543515156,-1.8154158460855705
-0.9390702782220199,1.446735818508406,-0.011050815040264022,-0.21353082478306784,0.0402067243463692,0.21495101540542166,-0.3344838735631697,-0.40669791427471996
-1.033677958341726,-2.167877123639924,0.686121188538137,0.2313432429425141,-0.49971630579092535,-1.5874737314177214,-0.7159097144306753,-0.6438678328604917
-0.5033121899381959,0.9883204319619441,-1.9236488054095464,0.2927177627542623,-1.7580519422348864,-0.6782386343896412,0.251870718125663,0.8921555092009946
-0.9330950252125323,-1.6894476900341782,0.28637295081784214,1.4005626027274658,-0.28868686282435035,0.10276992659475105,-0.47815402085654646,-0.4830121710223892
0.3327387238843219,-0.2642342595385245,-0.40730330950484556,-0.6827820465033123,-0.5939880506779934,-1.0725290871869344,-0.4467752499682664,-0.5059968087634609
-0.32235280352358986,2.3647803036339154,0.01767272463377063,-0.25139986370319417,0.2605832503358283,-0.8492862674418105,-1.1073999544652267,0.08442114856470308
0.893134024158585,1.0749806285844634,1.4119152718209196,0.5715166463634431,0.8714946928236209,-0.5205334419051141,-0.38431214813092046,0.8556044982111908
1.512855648262165,-0.4683285673293995,1.0507963476837872,-0.6091054819614585,1.6497434991453126,0.08611665885669811,0.02991911174887378,-0.508797332953441
-0.48792096761928755,-1.2171766515652809,-0.8188731860426598,0.12652916394022962,1.214093094542354,-1.1364945425701725,1.1441065282060485,0.7831824764376408
-0.8670596161099612,-1.358127341350031,0.45311633441017524,-2.4180555882584907,-0.8508494707094161,0.380994449536032,-1.1386076809743466,-0.9451161018723634
-0.34359723111718476,0.36393214433541177,-0.19636731331762322,1.141748197205522,0.49197912751839146,0.2630685506907417,-1.0794400416091008,-0.5332381842042431
-0.08153518259607406,-0.6179587830839292,-0.26933691628327694,-0.3020527484490234,-0.38381462268925726,-0.20907882376961487,-0.29929639402647823,-2.1606054334969915
1.0107461569451037,0.06778494742161911,0.0837325603672837,0.04599329992978988,-0.24258123252497307,0.0884019559306872,0.7273714544918664,-1.2236487061406531
1.236230031279093,0.909959205901454,1.1674725643998396,-0.8002282482237542,0.6188410758381429,-1.1938283044235314,-0.7356209304920585,0.012970381563638875
0.6818256958777597,1.9189480739696005,-0.15160393324946272,0.1724292354592129,-0.13009008625818097,0.14001230929660868,-0.7990460731081298,-2.074077354163549
0.5669134012724637,0.49711900282091404,0.02363169330683244,-0.4424292329585523,1.2006052198401862,0.3589301155002949,0.009012900399800083,1.0935416816800883
1.321749642797128,1.829886864859919,-0.5957286156605045,-0.9694702997135458,0.6207222445843851,-0.5770841780973114,-0.9470353638574082,0.11685275459065478
-0.02128513004728396,1.5081006624673823,1.1627422293101894,0.7251397005222162,-1.4563965557348917,-0.3241796521128238,0.15186282924373226,0.10971046053725136
-0.9152990761256757,-1.1973553402686952,1.447559221532367,2.1584518921893405,-0.5177496898370333,0.9554311811585989,-0.17609027987336634,-0.9426736076317508
0.5014103183636803,1.3534372616436166,1.592608767558688,-0.8725711450695475,0.08150362201877145,0.3190081996873743,-0.8974216992552494,0.48296661484342485
-1.7101482178100726,-0.4996328841478984,-1.1655439728330916,-1.8845422351826007,0.9469836505741807,-0.4093216146745135,-0.4934102933795992,1.3721854859474065
-0.5601408663140085,-0.645824837916082,0.033364085379694944,0.6879669687442325,-0.4965532973340399,-0.12967212061793992,-0.06683514167504015,-0.10930335100054446
0.777677072790441,0.010184520500116787,1.5384607776351737,-1.0245722691387853,-0.1469886506736306,0.32089649099092243,-1.4563271667680715,-0.08358917686603862
-1.2320975669078675,0.8918053323139751,-0.9691641594934793,-1.1475484510670464,-0.12315013251164174,2.116599850430387,1.295557695629566,2.2281577844346567
-0.3902982801153798,0.5809663252692798,0.836174332468257,-0.9436909707507609,-0.27769007856912903,-0.5271122644227055,0.44245088781527075,-0.788222313849214
-0.24462796642641849,-1.7942840258378032,-1.4409139938971944,0.38193605756624116,-0.7131671054112367,-0.6070911163326427,0.09529090169973156,0.8828808868099961
-0.5940588412753987,1.5427292076419008,-0.42041696090035996,-1.4968141481811565,0.5923646726927241,-0.8734074204711139,-0.6112116453558838,-0.49037232598848357
1.6626549123465029,-0.5684374690584575,0.4480372330585167,-0.8632505666873637,-0.5435113498470416,-1.593988365555195,0.780209770133535,0.12366608964042237
0.18827107476708274,-0.2353586112150806,-0.484115531896135,-0.9510520382400941,0.5417764787089215,0.31160543745544866,-1.781566539594523,0.8536210383032825
1.407257047080718,0.40673947432144825,0.03275094975866403,0.3224144417003671,0.9110391175450594,0.46882751002212053,0.4317906540168639,0.32095877884668894
-0.8974356371801727,2.132632031322807,1.2202891979058665,1.222737418380431,0.9370992634281715,0.6994152168822009,0.046975257911829715,0.4334378412522343
0.05949417178493135,0.6242401529005275,-0.8607823512489303,-0.6154030214934301,1.1103272355535674,-0.03902811315171458,1.2049950402556169,0.29469746584368534
-1.1017160041026024,1.2908461418392396,-0.06306947617813417,0.49590472592257884,-0.3710857608151709,0.5598696832417989,-0.7247297511115431,-0.4224894578578172
0.5316336904074104,1.187478844821736,-2.5249635215849144,0.8278832534786172,0.6717343692263911,1.8419667586265212,0.03948900789121659,0.6915675484692768
-0.5394105976371064,-1.3537074112652474,-0.42414039885912047,-2.385655442001854,-1.0303534949219135,0.7900348847931148,-0.9643521287025172,-1.7408630017979785
1.158154319894814,-0.7592172418628336,-0.0888242374236611,-1.656670861798782,-0.2732640634378081,0.5451443179546034,-1.2654051394439174,-0.03765876869612458
0.3004855711379767,1.751699352587845,-0.2549051697920904,-0.7729986780313214,-0.1666696698640538,0.5050271760519409,-0.35960932168133275,-0.2920713580739329
-0.13678992136422347,-0.6693574763002446,-0.36395154673142227,-0.7706411798741544,-0.06677094485839273,0.9187852875053644,-0.755329477981121,-0.348558710170047
0.840375605035635,-0.287597860275953,0.8496500535342096,-0.8033198415801381,-1.6871195360333557,0.30367943951759746,0.7972354532262578,-0.17866946045770785
-0.5758576998776661,0.7539156357701764,-0.28253870796101765,1.7725312098196244,0.22670885837339352,-0.6066785864026287,0.706648253528979,-0.689716460802052
0.7434546108002785,-1.5938116643107925,-1.4432680036154593,0.25166498526227926,-0.37496433422753517,0.14739988971789486,-0.7196011877068463,0.31898950762837525
-0.1941301587753102,0.1776168284550988,-0.7680004075992436,-0.08389117524035124,1.1114443560031482,0.18193663616280534,-1.682102520465841,0.16168591022977533
-0.6559138012318899,-0.4685441000718383,0.48400545706807974,0.6707568324207178,-0.8791748619208934,-0.40945083045152647,2.311785570917273,2.061004323079823
-1.0957549980408325,-0.43519284575318223,-0.1956188770061641,-1.7192823686046927,-1.070440185404469,0.5040384285606375,1.3231250022302237,-0.004061384544809608
-0.8534890511250746,-0.0734710481651471,-0.7320261486104305,-0.008550135696713479,-1.260819213135248,-0.08273001557847419,1.9615169784651532,0.05686666214508705
-1.7760074646601398,0.36410775427390024,-1.1942265739035094,-0.8294705588446454,0.04877164851312924,-0.4273491843912538,-0.8588363598792622,0.20888403640213338
-0.6182724213263306,0.163795960058317,-0.890334984571878,-0.8281169053324029,1.1900130753395197,0.5775478266764897,-0.8389690750155993,-0.2857011940070411
-1.4856507629428148,-0.24175988191062409,1.3366797824197663,0.7293738410347363,0.06253751437208079,-0.06632201071354112,-1.0312936152197703,0.33977279414409284
-0.2026827816688175,0.8996819060815219,-0.2250613483705748,-0.13617172267503808,-0.6367222959573725,0.4325058912108194,-0.6428023659941372,0.8516499795008656
-1.290978217399012,-0.3359166397286212,-0.09578235851441923,-1.7216463893388712,0.12665569201372176,0.48808990374110595,2.0193993734509625,-0.8846439853929721
0.23889548318085585,0.25529620445909723,0.3022645423150838,0.33956061481490024,-0.22181786856284785,0.7982217710959466,0.23400185031867932,-0.6033420748813326
0.5270530357803077,-0.3399339953086711,0.025703372245491424,-0.799967646131647,0.7944313105193134,-0.949035870231238,-1.0348955995389202,1.1398143477171665
0.4791597690223729,-1.3106451471451364,0.04765142912624605,-0.5650434135575987,0.07702147017207421,0.21663022313016253,1.04603525705178,0.06554240794891764
-0.6182012853776331,1.6053432439707862,1.1018132838158157,-0.882267455897119,0.42836985813217543,0.6696762082149046,-1.0319927653474503,-0.14023312064999335
-1.9121602988686253,-0.43585444139176965,-1.0493240067446437,0.4857407663840018,-0.8101301588708619,-0.9895130164238957,-1.1325106707165253,-0.06263876239806071
1.0190313254779257,1.0388494132394384,-1.4556379604403544,-1.8819500879102127,3.4118377121223595,-2.883423687685992,0.6926083400075753,-0.279840155374595
-0.6640156331281887,0.5054445138546317,0.31790704524208707,-0.5645009861811521,1.5825218275214477,0.6535168740804467,-1.1798049283710235,0.9120540771943367
-0.42612911793846153,-0.1678136105730226,-0.9078299767956061,-0.8752061500950733,-0.21072630380155113,1.529069875514746,1.5624225120844635,-0.17333998184867375
-1.021507239619477,0.3900481999413277,0.32491524048009873,0.6248584720002766,0.49711948492683994,0.19961149174284853,0.9753226331067942,-0.09248602286041077
-0.6020337198218358,-0.31098874027172224,0.9508108039943913,-0.4613489044220719,1.1164807259982241,-0.6065884445811611,1.0209081615713023,-0.6607679951787444
-0.7094650200242199,1.3042740890291278,1.0309112365535653,-0.714139807411087,1.2615430154056593,1.407146679675956,0.3695213697939797,0.9035154230585482
-0.6919438659908383,-0.2709887452642974,-0.9450944444441074,-1.0307539597322997,0.114860562287929,1.6517109201318187,1.4073689478323759,-0.13676060161147194
-0.27099673581233913,-0.07543331012408845,0.740631537099819,-0.4910104710187405,-0.8457155430469853,1.299502390452781,-0.910197986868466,0.8507739426132211
-0.17380486705353065,2.1171157468148483,-0.32633449351906985,-0.4108097375623808,-0.5247308277075747,0.3192021872128627,0.2859339183994091,-0.7272543419303292
-1.6949279545278686,-1.5438896608037718,0.446283594380839,0.9663354677272805,1.4895664607778265,-0.8976237378906882,0.8211698638838006,0.4839179478102272
-0.7846319526723438,-0.7686035747148949,0.04258867507299231,1.8306944677238892,-0.10405665568618554,0.02459143537469274,-0.5052883095234306,-0.7046931148785652
1.6185287769387557,1.5615016146986092,0.6654986792523195,-0.5159691281135376,1.3705039696704129,-1.1752452809739233,1.2632129879249312,-0.9633290122530944
0.7765143199088532,-0.45722060459494884,0.5680272366838431,-1.8286966045992827,-0.8961283779220806,0.12607166398333522,0.8522873984101154,-1.1941766269618297
-0.9794782923647161,-1.638643993312617,1.7764468585264062,0.4643372402944595,-0.8455377676197017,0.625160150292408,-1.1206247830595182,1.6232182672774844
0.6251366259875126,-0.06701558569734821,0.15282203731548824,-0.21140194050098715,0.49049420605343147,-1.2188736049754283,-0.13622986830373635,0.020970929546634216
-0.22527059997464927,-0.004444916867779633,-1.4850662942535369,-0.20517504206462853,0.6848543548736721,-0.36492173501646247,0.3597202119743312,-0.3314600608926734
-0.4883189417270391,1.4890121291304081,-2.1075719943479547,-1.4718706316878416,-0.7403822594616077,-0.05519797464518117,0.6660739612970746,-0.6570008025989892
0.08459641176702877,1.6590013020535312,-0.11935287240530744,-0.17194125187388398,-0.25981030263470695,-0.6036504049898542,-1.0226046222190484,0.28611381904671424
-0.08448071992250951,-0.6969559290874401,0.30946308580173204,-0.3918578617358184,1.6982227504757623,-0.026045632148765287,-0.518981528310846,-0.5462545401993152
-0.9979850102522119,0.27089647198233274,1.0377420322745337,0.5722182887027477,-0.8440017611453792,-0.8934851954127337,-0.5947988783104894,0.26073888688835334
-1.2238192352149175,1.5123941803571639,-1.0485783084447398,-0.5741205273644637,0.18173398688654976,-1.037759025234328,-1.6005451522410816,-0.9143354645089831
0.11509294541544358,0.32748123475909413,-0.4232668422201471,0.9054456181233645,0.68012542568428,-0.9283546096839566,-0.8500550085139867,-0.49571912389168216
-0.8563256362181416,-0.036982796711957915,0.7557521768201517,1.5466668324164274,0.9044465880131594,0.9521397302660752,-0.6070488385399224,-0.6059356660148701
-0.6162952955603777,1.0529595322152034,-0.5016287961897796,-0.28858770007753254,0.3737018165916388,-0.08465927340185705,-0.36706646453961617,-0.09670594751802572
-0.6028248041411727,-1.6801567662418393,1.2135312515885865,1.2436569810947384,0.46673105834371154,1.1123677730909027,0.6344535766344097,-0.9987142652482939
-1.0574152488864357,-0.44795322035382357,-2.168872328213361,-0.11031325499958203,-0.46786290550255355,-2.6161939980684172,0.9615595718697644,-0.5657456748700321
-0.727083701972721,-1.4609474702728324,-2.166802004410265,-1.5269721518466124,2.153391246423883,-1.120207237566432,1.3649756493833634,-1.220307204672968
-1.071539949909264,0.33606199966243455,1.3339998924341747,1.1272459565408812,1.022418386897111,-0.8512233739578562,2.091833515575742,0.607798557638185
1.3128225522835342,0.16060158003671757,-0.040405031791377284,-0.6036774729337384,-1.3702776444437796,1.0818543937719816,-0.453965133495863,-0.885141075945644
0.48038572445231764,-0.41146211420605455,-0.6149091293130183,-1.417221712972234,-0.23458363788191144,0.4885462479912133,0.8693033691963097,-0.206678274302613
-0.10682718176493218,-2.0493001265389412,-0.41720281589545144,-0.9441073020755468,-1.110366161713317,0.7643588887563646,0.7058354761170215,-0.24579439044802529
0.35535286147678596,0.5793021977303515,0.15665131652952424,0.19412512597247658,0.18844820790608965,-0.8724592276808495,-0.4805309630045258,0.38058230604928284
-0.05708257973973807,-0.5928479168736206,0.29659099363984665,-0.36385702026337574,-0.4336003818188143,0.7894661886438223,0.9574750466660662,-0.5826137531075882
0.8436017926224747,0.6841301395404614,0.6371039193463582,0.542696909970208,0.2005470315086688,1.431685463460218,1.4800479280708647,-0.8299819572627823
1.3212221858977775,-1.3985773918526119,0.28421528272101726,-0.2171987540710628,1.2200391253247682,-1.685659298113328,0.2325431081791266,-0.9807787709611838
-1.2873135598790286,-1.0881628496482516,-0.8395099610817792,0.24717992820590692,0.1622780887801458,-0.7751276610153778,-0.253955973496136,-0.15532149748421636
-0.2743536121798313,-0.3230661935862114,-0.5977032584415206,-0.521104514495671,-0.43764504990859315,1.2895488019413108,0.9624841473754995,-0.2830400378470264
-0.5949956327758459,0.30652528373033927,-0.6076560448324867,0.04159711295571368,-0.4065727632760712,-0.027927192910116475,-0.9816789729467831,0.12615585652009795
-0.9632344459505141,-0.40072833397001373,-1.5512794130188057,-0.34681451333567265,-0.03444186752486097,0.6960484314439803,-0.37656726362620246,-1.569744982352565
-0.05933932665723061,0.6571937712186676,-0.7668304422014774,-0.997438604640532,0.9343697729238426,-0.8453065504003869,-0.6820832812674241,1.9137540325561013
-0.3033904841012886,1.3143650764587762,1.4224804856620807,0.7193624442861756,-2.133514417906172,-0.49711938622504354,1.5745070606322606,1.660186725097068
1.5345545444072946,-1.6600214685621475,0.17904431161461581,0.59459336948939,1.6492523006567459,-0.19736863715285607,-0.6988883743979973,-0.23738514985573578
0.09218267740832051,-0.9946924156296845,1.6270186500072106,-1.1944824716247369,-0.1762009874935662,1.2934770792249934,-0.8924403409107786,2.1747731892761637
-1.479835085307832,1.3882742620362294,0.967368131719562,-1.3641285277592041,0.167742511215931,-0.9788132027806189,-0.7583072695265276,-0.6056547347702671
-0.830965513886477,-0.14846519740782857,-0.3073783655106408,-0.5293726236696611,-0.09691408206776071,0.26326170939934285,1.1281132316366125,-0.5920902006496841
1.571073033899118,0.16925912107150978,-1.2443674208528652,-0.7712350964831265,0.41106152530793577,0.6485885252539633,0.825331303432531,-0.24576195122678318
-1.5158278403347643,-0.4573313392805656,0.7589455770073427,1.0321585184754731,-0.8089934535336866,-0.2930654187082032,-0.778307888871693,-0.37383741680202826
0.23005890219376157,-0.42529850367793665,0.44304460507968185,-1.247893499554165,0.4256602402920178,0.7476916998650374,0.27281372010728716,0.5497442940334156
-0.43893724996366523,-0.06106101804782527,-0.6039207982434108,-0.8096824581020826,0.8904809395693213,1.10531278357117,0.344737821285947,0.9680526482771317
0.4366268094813786,0.9648823398386497,-0.3621850621862062,-0.48752957702122085,0.832847839902658,-1.4233062060221018,0.050466029867183036,-1.3134519379866163
1.2908704332609025,0.08632518095785575,0.07340672028060007,-0.9873318541202719,0.29892847003183093,-0.8899541624065681,-0.7086885382361515,0.024240931879808827
0.6280144138583678,0.120290186201813,-0.10750442062505791,-1.2449253609351074,-1.0361702568618834,0.10258348968155005,-1.020889926646104,-0.9604220527717137
-0.28007254603073783,-1.2442663719000502,-0.8797562869792123,0.8016358021008728,1.2573794057824532,-0.5029470346777419,-0.7615302621368407,-1.1814253181248346
1.133364552189557,0.7585591370911223,-0.4177911401788232,0.10244482389483968,-0.08381353402162872,0.18051494803179982,1.539617313452001,0.023663673924675298
0.4548275475315696,1.0421490451466846,-1.180312161169227,-0.23107514387864617,0.6441811464015496,-0.14244307400573897,-0.7934628478986703,-0.11578644732886825
-0.04042784433502526,-0.8750223675788092,0.8841418127188583,1.7764157180304023,0.4751344570008906,0.3297750656672082,-1.677782017277011,-1.0265989185889803
0.5262394429717572,1.0696318539992757,-0.8495229112512844,0.6556954648874976,1.6086348651345321,-0.6232454627459529,1.162476847193824,-1.3413451548929125
-1.3682168915217965,0.21540196545310256,1.34867348670757,0.4113793693210199,1.3512079475179808,-0.1871582993849777,0.8589524818982105,-0.5111702714836879
-0.31963436225725644,-0.5734384783728328,0.3807074482863978,1.1317182292749202,-1.21171146026751,-0.22999851687829714,-0.12491982597850648,-0.5418107028466832
-2.0399636420284124,-1.7560908478723418,1.0967321471748488,0.15431625200805058,0.07048854302272446,-0.510314749482687,-0.013396927539334448,-0.054262106563650915
0.8576447881186707,-0.04461461345195626,1.1711929986642722,-0.702268563514651,-0.8706824860289083,-1.198346708462321,1.6497246349434758,-0.6534475609680095
0.817600480971581,0.15234893914270634,-0.5316639577569399,0.40610122695892914,0.39665416100683865,-0.26530617441194776,-2.0478422851898137,-1.1901727368562263
-0.10398722029219712,1.0812573356439343,2.2063365864862345,0.517228244544782,0.4334821583376247,-0.14824519307099931,-0.26065330234753314,-0.0001023010214254158
0.5255340883132564,-0.6118532353288485,1.5665092908274756,0.9565902896576259,0.7980364614264353,0.32040881224428525,0.3843110639346505,-0.49253591836679605
-0.6605738785332917,-0.7033576406613661,0.3325619226862396,0.6400289291297768,0.36868491661440667,0.8557116824820189,1.0418993084480723,-0.8404037935395542
0.04276231017416806,1.7330304182892862,0.9384584580725257,-1.2516234999242823,2.175448277391949,-2.4703748408842996,-1.2962470955670173,-0.13741304119257153
-0.9291625095026856,-1.5317566184917586,0.4458128989201678,0.9078065484661257,-0.2927942224333818,0.3388196287825271,-0.1220563552413547,-0.08010744581065934
0.474158399820599,0.5774721999049796,-0.3048121408559973,0.16651967299598228,-1.1934995554325445,-0.4459443165745502,-1.624690017851034,-1.6351368898683731
0.6060811821449952,-1.0936350698524877,-0.8188390384703222,1.1276836701855215,-2.1857961918716544,0.31144264872280075,-1.0231883437735108,0.5911900360125922
-0.17899352203092153,1.6486484965718364,0.6595411222928299,1.8969940764768984,1.3633436783246347,1.0198581327870495,0.3163915287157026,-0.23504634799315915
-0.07746935728189704,0.1382023086409286,1.1253305199842192,-0.0632405841258269,0.8945695613032689,-0.08635062449558646,1.572896879214223,1.6417370377480627
-0.31521723427249526,0.19774427415275042,0.6204273809708621,-0.9959599795218756,-0.04005288941205444,0.34265520889677553,1.889533947079419,0.09450487386740039
-0.7566855134934298,-0.6589083820501155,0.1430951748858515,0.2702611211598143,-1.2363664483621544,-1.155283146721341,0.04693782324722196,1.0081845013568254
-0.19409913640989596,1.4467010805187899,0.9746705324715029,-0.4849151859031265,-0.7856213803074749,-0.6022518552192206,0.11417899010150655,1.1475388115946257
0.4858268244308913,1.563102085807349,-0.5471615117480093,-0.24627696453240946,-1.2236118775558051,0.7361700966149592,1.3792285528210695,0.22819140669680685
-0.4258970850914927,-0.24522392545457708,0.9871573201541999,-0.5453719987272859,-0.39597393910102985,0.30317749407421046,-0.3920187216653506,0.7855219885742781
-0.7837484061943415,-0.24815633862231973,0.13305176296070267,0.9574868325235825,-0.4110698686560866,-0.24615720553804502,-0.31773082191352936,-0.4304974661481271
0.24328950362128496,-1.2614864375442,-1.410638698151223,-0.6871792811618963,-0.152226243889734,1.212972249472383,1.332223691608864,-0.24315320285756065
0.6039525700366969,-0.0524052690013569,0.33745207387559656,-0.27480788299108067,-0.3475299547156908,-0.8873719933878284,0.7965920848281345,0.37118086662227107
-0.22886878973326577,-0.9869122833059949,0.9879409323287267,1.4327249686953236,0.2994052327873275,0.45275244227176237,1.5654797340157267,-0.10595919432774549
0.3216362329886169,-0.33351446292186265,0.8451072446610896,0.7887758883356768,0.12226804885133341,-1.3563197847567652,0.276859469047842,0.6279745763701057
-0.7342756375025928,-0.7064459715041869,-1.060209221785828,2.1256939724010455,0.13089151010477323,0.011266541929902223,-0.22970326461930912,-1.3839942101083538
-0.553870006502606,-1.5162461985899072,-0.9543931882417631,-1.1183289640640943,1.315710377693349,-0.3713769479190502,-1.173397970055423,-0.1579764940484332
0.2811135840432319,-0.0756565250112624,0.5550205042346972,-1.0312199777258666,0.17617583551018537,-1.7834746942124504,0.5500299780910458,-0.14391071583071144
1.5190301082759947,-1.1017050326723252,0.4603229116858186,0.42820537767881633,0.36536699003894146,-0.05366039962325975,-1.2288390865414907,-1.3916912706712663
0.32994068647262376,-0.21588313962146907,0.8324892511680654,-0.8557307084274379,-0.23782027848995022,1.748987492760946,-0.710441198799082,0.8345679428194959
-0.04609965093848109,-1.3617597221585196,0.33107700582896515,-0.13776059250566036,0.14258794263566701,0.6723121170099469,0.0803632185944767,0.5336375124397428
-0.025286538926036047,1.040614802006409,-0.918652740325401,-0.10687180874953618,-0.13142817666911788,0.7321004831098986,-0.9550421223774342,-0.42163048192171526
0.8623215133915595,0.5373789113707285,1.9478450029658996,1.5211517764698232,-0.5974235011129203,1.1068910876741702,-0.08653217544439894,-0.4192512332112958
-1.6017128069020554,0.6004243051353432,1.5893669523563367,0.2243769835426846,-1.586189262041808,0.24259503916973105,-0.5401480693924756,2.893719065541115
0.4399166712258576,-0.41067726294005913,0.2762680623476145,0.3404935115489046,0.5910918807763014,-0.5834454370182648,-0.4415125042042237,0.7732394812379275
-0.606888703060315,1.0322817153830885,-0.0642648852931036,-0.13625211886597133,-0.41028497319288343,0.7718901669949061,1.0597480999062865,-0.3831265185963235
1.0865126506444993,-0.7151697319764816,-1.3131597601622373,0.8203250640502467,1.1322063448111945,-1.8019941728973736,0.2983983716324017,2.494735273023977
1.3906198327064159,0.8020211128384477,-0.3352389902906141,1.45565024732615,-0.0059252254986943784,0.6890031087202599,1.4501681301859708,-0.017991817677843913
-1.1821633710264445,0.5964746558800911,0.7742763434669204,-0.504331821825779,-0.39659735041998967,0.6705564771118654,1.266062922911017,-0.3702266357903147
0.4862179615070113,0.48253151907573727,0.47007798107224985,1.1176367007125982,0.6438865396344104,0.6861580024072917,-0.9813572357143779,0.6144360392319973
-0.11469907164941419,0.13089427612274554,0.3210334628543837,0.4705164309436889,0.6755426945572849,-0.07508069699677658,-0.33440435036035937,0.2578695673480331
0.367306460586921,-1.2216738055935585,-0.5133246325134299,-0.8451914394524821,-0.22202248000730665,-0.49528544883468334,1.8358751336568013,0.23787556838096247
-0.3558636711179157,0.501526065173308,-0.8445660548510133,1.657065242370358,-0.7613971070853062,0.970512728566664,-0.4516893141557169,0.6045360220584879
1.6889493919242542,-0.3801026771742403,0.8196089605789212,1.226214950830305,1.6126394126704469,0.5011539087767624,-0.10753111840851971,-0.9483448286201115
1.6803270452894827,-2.074627624659916,1.145305972396804,-0.8544968914364246,-0.28424153788990997,0.297412766336583,-1.3016416775604345,-0.7332690516870713
-0.6492816253351735,-0.0671596147394477,-0.7673828953274365,-1.5540571313084737,0.8453543289167061,-0.7973888625069342,-0.4002242409475342,-1.9464037216178944
-1.2741081080388792,0.967867296764621,0.6784500502041096,-0.9475821512058277,1.7177766826673164,-0.127753021403847,-0.4075614525507667,-0.34167665264909314
1.454503866383849,0.6493343474032985,-0.7093844241389293,-0.0480604344204702,-1.1776727485819527,-0.06588807905194746,-0.3465658201365512,0.46583855403162694
-0.21498525153081788,1.7349244048835113,0.20150816435416727,-0.5399501848201316,-0.9998750419281738,-1.1916889513257138,0.044585018492363494,-1.507909284549748
1.7927028903926883,0.6253599839154789,1.176879351521677,-1.3381606926171647,-0.863669143127828,0.5700926972619398,-0.3286228199481891,1.6877108053254324
-0.47437928929458056,1.7475801076004374,-0.3812131749185098,-0.05651917455962675,-0.0722752865119359,-1.199910879026971,0.08535878989467574,1.1032558600600666
0.06667286501106204,0.6556568385014001,0.6359596913226362,0.39488033774355885,0.849142008506897,-1.7038270618818594,0.44717983939777556,-0.6172087104025316
-1.3475114875410632,1.958514958667559,-0.8352873507855363,-0.35266467853813716,0.26492542246516115,0.11087989159928704,-0.557076889954752,-0.9645195219525896
-1.729296062498599,1.2525224972967894,0.08540928188002984,-0.9393540347251704,0.028952715619863078,-0.21961656644993782,-0.971577903534375,-0.2248523681208627
0.5310176037940241,1.2474304456705392,-0.18018860528569006,0.05624252899390546,-0.024095602191197676,1.2247782009536843,-0.8735927342781025,0.04736129518573731
0.025627504866323692,0.8664133746476033,0.26643596285896604,-1.897616871230262,0.5928118463201895,-0.17763156200894847,-0.13352819896489768,-0.5947807477191003
-1.7551842797474861,1.2972706486998908,-0.5435100657015107,-0.6264864720999609,-0.662668311813934,0.4283947370640048,-0.7397395273655349,-0.5315389628691417
1.825241502907404,2.1843507838774743,-1.055333614263458,1.3331870639074213,-1.1910103472031037,-1.2198147654274965,2.1811923054179796,0.6296480362068417
0.8627380415023596,0.07378726878966693,0.13644886691631172,0.8174073189085275,1.6641309505184023,-0.2510196024691287,-0.14301583255768502,-0.3161131334792174
-0.7070242579227548,0.09880712457815255,1.0838364482328309,1.3147742672579743,-0.9439863272032717,-0.587184702638937,-0.09121217455743667,-0.42166723164423586
-1.1430273028231368,-0.3178053742105058,1.7936463897695312,1.2060808841621156,0.3191698245194206,0.7181547170762093,-0.07723301291707148,0.8715705637969196
-1.6005908327636746,-0.5498376840133632,0.9048365344465348,0.7697354207440291,0.032223868575431865,0.22105232561470722,-0.9742075726068326,0.45437185983243294
-0.26906080787308656,1.369846766126103,-0.9913128845219691,0.9632257006818417,-1.9866753052179582,0.7466624802455128,0.599946219095221,1.36003106596732
-0.228837755231084,0.6175418388694288,-0.4943827271374929,-0.5069922407924581,0.02464203931809461,-0.43220806112595594,-0.7529043540755482,-0.6388176080159974
-1.3345623828435662,-0.3468074926855458,0.029810929789239837,0.16073064586360142,-1.7475953403804068,-0.7344638258232696,0.4535859776412406,0.4733823709307428
-1.655833278361377,1.6757042807778082,0.23897949335626534,-0.2247997397914985,-0.5828197230419537,0.10567577020771217,-0.41276103880741255,0.20566321395275025
0.33705814948355095,0.5168577714306227,1.3119161754485777,-0.1382022472046006,-0.1494417357810152,-0.4754287897947381,0.27438645786372867,-0.6070098024124093
-1.395585642953139,0.14390939737376732,0.6249039805238773,0.14375496015611997,0.02175526949510515,-0.14496841421423357,-0.5788211567290381,1.2690718413510211
-0.9246958602467357,1.2152171684617605,0.17897452345993273,0.892001415251888,1.092769593008092,-1.688070516620546,1.7993214496356973,0.9275284453698036
-1.2991436517920956,-0.6287607276717716,1.0110981262246355,-0.8871109539427381,0.5248703733843255,0.185502759163271,1.6989220722360037,-0.20584652348579227
-1.0304867302225897,-0.6068945375327351,0.7755101768342154,0.29825517723124084,-1.1984171579495997,-0.30974203559498975,-0.435168275939892,-0.5336450724411856
-1.9319057871294818,-0.6247011340353066,1.0945596052523372,-0.6480575608588687,-0.7191564906007754,0.8183315583979642,2.284692625400875,-0.1314091042629993
0.8931739786365244,-0.25765385495630044,0.09272692627532572,-0.7093533009880802,0.5436753958080531,-0.03168583925960529,1.5649268509577856,-0.6712591602251492
-0.17121602042184253,-0.7817841241832983,1.372560988424698,1.6514140542811633,-0.986471522933075,0.5019345227098571,0.33767509604699736,-0.20018144493351225
-0.8916463557183011,1.1218695732017514,0.3293910837010586,-0.5718275282748486,-0.7399586439385129,-0.24631921738356236,-0.03505017322937413,0.5197950309512861
-0.5221223050453093,0.800069366246681,-0.24397258152277942,-0.21040749104124834,0.6389117008358717,1.1292831322064614,1.2690488493410932,-1.231141357199939
-0.04127046838778893,-0.08659284543139559,-1.30278868546102,1.935620734741355,-0.7899167810142291,0.814987514902066,-0.5719826602592294,-0.6555285521690232
-1.6920156003094684,-2.0367629961084734,1.148850243534878,-0.46903889030699214,0.7674318190769152,-0.6951665657207067,-0.16921120102144294,0.654604174149298
-1.0316430115691566,0.5692568892415654,-0.21749305381735368,-0.3066541217097021,0.28241705039765197,1.3241421514908656,-0.21500631292175187,-0.11777209108815824
0.23297335717145523,-0.4721525330677295,0.3489659289254144,0.06390765217980866,0.15941767931644338,-1.0219191308348679,-0.7813334739284526,0.9740852434597799
0.18491701342675176,-0.47212743222269776,0.5122391549534427,0.44711761498345726,0.15204293832008556,-0.018334054731650527,-1.0632310019815518,1.6701170760521784
-0.9670444173010867,0.7997024045865287,-1.3426512212489299,0.1904704540647323,-0.6419116979357528,-0.23958923561749992,-0.05678262189067893,-0.855227240896633
-0.6193058703832772,1.2001561711008102,-0.6482382219845559,0.3001447221066258,0.13292271073981585,0.39376636085852074,-0.9917858431115858,-0.8059794088205752
1.0252777185072774,0.1001870701626625,-0.42034388180881077,0.6043157186469675,-0.5971063750063184,-0.06243222339657997,-0.5584690378281136,0.5613989459977924
-0.7258413239798561,-0.706411943724356,-0.33897886923564785,0.28319603255294934,-2.0844988849031383,-0.38338967695597803,0.741602057787184,1.2186031936338344
-0.9543704144265555,1.3788536170456216,1.0459237903357392,-1.258224451559412,0.37710512181113776,0.6646025998164896,-0.2423180440332667,-0.5075815549607297
0.9396517700906409,-1.0100192342471705,0.5077619320080387,-0.7651492765028632,-0.7174127587293048,1.316044758957774,-0.024418253167479566,1.2694117227315869
0.7988253293345678,-1.3402499885969847,-0.4698849732660324,0.5800059617656048,0.44580794534311613,0.033103791631988816,0.7350402162277143,0.079162565864024
0.23437936794034847,0.45296738211380666,1.737500287858635,-1.0166332944029388,1.2101834480578124,-1.1504457283120448,0.060991242271130036,0.25885893974236196
-0.6064613718412505,1.1357551529103862,0.662297042657694,-0.5761650420861238,1.2656356220035598,-0.0785124691208586,-0.09456171039223019,1.4516247941398168
-0.16063960723837425,-1.510734304769651,0.2437141787297406,-1.699642794724165,-0.23577799052273163,0.7544813874866347,1.782660813490342,-1.1664042555260832
0.78710583078784,-1.02757635531883,-0.08796912607943318,-1.3794222976970851,-0.31746288114630533,-0.43856579853024397,-0.4603807529610109,1.0206919309009523
-0.6759105109034438,-1.9972593618718062,-1.7354599126356123,-0.5522174955069938,-1.8519251998182533,-0.7066018497866209,0.6194022775494759,0.6563112672489546
-1.3849642846261507,-0.6302014453726545,-0.6743106621311985,0.9550697629806363,-0.4214968930344852,-0.26278530480872353,0.442514517520611,-0.6695426982487659
-0.42774363590274966,0.3209679927019679,0.12300330090436044,1.461353892186316,-0.6243807629674927,0.028542207285579702,-0.3077951043968231,-0.9423538241624639
-0.8036193801890023,0.003222929086302436,-0.3140562335853733,1.0066541698567706,-0.21651356138390024,0.7729033841483504,0.19499555589467887,-0.8027643086392896
0.08886901234410613,0.4069403746140926,0.39614344256074646,1.723320952885644,-0.38820520976879125,0.3200966586316376,-0.45962059214686307,-0.5895553402721817
-0.27657224116226725,0.11416030279612084,-0.4700529299413153,-1.0597212843116537,-0.1876690334117193,1.344572194545131,0.10021694211631664,0.12406292438487564
1.6217336565183607,0.9151578679973298,0.5243809987085074,-1.947824514856035,-1.471113473544866,-0.2213167683675997,-0.16939486078332114,-1.5376062053342245
-0.31163909665084305,-1.0184075075427703,1.6633609721555211,0.5833635740850647,-0.7345860924832123,0.24706572029997065,-0.39693182441661357,-0.5167390933620557
-0.3760925670474172,0.8325794849142399,0.6806779333498256,-0.06918343919995754,-0.05512272677955965,0.405742333216249,-0.5311376490569611,0.21952627884280762
-0.035693646326391965,1.335258191399368,-0.4189864532156955,0.4033004628602368,-0.0859695881628995,1.5810675816302675,-0.05585191847687141,0.28834860345586577
0.32570887126508113,-0.07395391434096446,0.47866743896944847,0.8077010987451468,0.4383761220728898,0.35658032976700227,0.07137527349870641,-1.933520612937002
-1.0693990616595284,-0.2536652505712721,-0.9703653154607633,0.6979722727642304,0.39172489377685715,-0.5708964256594394,-0.2503550211733891,-1.607735056351196
-0.31974883382146435,-0.5920986688976211,-0.2925220066421164,-1.1093960009134993,1.353762751972979,-0.39896137016074895,0.8682901490823802,-0.3424173762825681
1.4345996614560068,1.2298278013075536,-0.307543222555547,1.8712617686432222,-0.7647383397468035,-1.4630399004181645,0.41730058667682945,0.47197027325033014
0.7345291118252486,-0.4471195620263318,1.7543464526854868,0.5606105453329833,1.1852247058654588,-1.1068514984646496,-0.6316294887102075,-0.6069744038263347
-0.3291553184663665,-0.7934435512030394,-1.523562992165351,0.8088067038339413,-0.4320943662909876,0.7166238637509365,0.6830159280442599,-0.13687096022635192
-1.5675996727676813,0.9799599953601529,-0.3103908424217108,-0.0417996355007142,0.0961291156865912,0.5242471126340346,0.38106783989986553,1.2833236287715137
0.12117727876984227,0.2358741880702548,0.47885419291257336,1.1280993494354217,-0.5678476598535451,-0.6385362449791601,-0.14236040439912212,0.2371446963400293
-0.31741696190485846,0.5318408948323614,-1.031988099665025,-0.32746636394934314,-0.25069211229994104,0.8122443040493417,-0.5092928105661743,1.3797139502890476
-0.41828149714288,0.10209146477898852,1.1281734868779838,-1.1167970117402062,1.1949342071132811,0.9116866955777301,0.189161339927703,0.5378454819082038
0.9468550581560802,-1.248310146064932,-0.12473960131657368,-0.7522553918755448,-0.010135264023836247,-0.43747953414273255,0.005843937565361684,-0.7496586552198377
-0.7544400939255308,-2.3667275842334727,0.4619067967487114,1.5703818838097798,-1.0329728709688304,-0.130218522282531,1.512219168769355,-0.9080768939452772
0.9619921144231577,0.31755104821727376,0.6403804716173248,-1.0963317855297234,1.983366431697131,-1.2555755474492496,-1.2715111497234506,1.6363274566592154
0.7583411451228556,-0.46478518459113144,0.08618322273885419,1.0756305002754116,0.5471769173016985,0.804237466498262,-0.5884170596186058,1.2378075550625471
-0.3447396928853379,-0.8566272993309905,0.1391660161989634,0.6468611567353226,0.7101960086232894,-0.8961191013475048,-0.2845688122867003,-0.05580533564994794
-0.2081283506413096,-1.8015826143396982,0.2881036615053793,-0.5401609238934105,-1.1541891772740303,-0.4837096414668793,-0.8740293423636977,2.3444814209169573
-1.6008706002001505,-0.43550028891506154,-1.2835266320042353,-0.9222078010492212,-0.3616034430658426,-0.521722135485445,-0.48599658882592206,-0.48167977298312065
1.0904097434550193,0.3566201919964941,0.8778390229473177,0.43512310007737764,0.5188360635268714,1.4888837914133335,-1.445548680450637,-0.5049702758420714
-0.9861253762503402,0.03530146446645221,-0.1368624151273723,0.40459676651499393,-0.09008071932479157,-0.01077107389337342,-0.4986265801727548,-0.5151354946724668
-0.8825522895207434,0.02429091729164196,-0.005078869225211164,-1.367211934304229,-0.04218842505856639,0.6997526123615916,0.7545865392582393,0.4270593948968231
-0.13077821767292439,1.8435839630432567,1.3976126338490795,0.07935057834069849,-0.5072424091028449,0.2600154768219336,-0.655241792389583,0.25361914487510373
-0.753317920357623,0.9715339325899143,-0.19491681076630923,0.4092114637070722,-0.7943910640909043,0.13327987790486215,0.7249855421660351,0.3078905835575543
-0.48311903248414595,1.9223205152673168,-1.0449515049647564,-0.3111978412492048,-0.9456439574880641,-0.38364454745518906,0.37716532662045293,0.31801291753481814
-0.644990030191318,-1.6231585868025582,-0.8898143494042403,1.6819039787670065,-0.8217799678086175,0.6975788998130236,0.6521783320599411,-0.050359657678288317
-0.4791994100570131,0.49466183670180025,0.5453239990076291,-1.0673553944175709,-0.6669830932896585,0.8205689826818239,-0.7457193812460385,-0.6000370889748656
-0.2235126819894469,2.0720199451314514,0.0799646323239678,0.4108457227895671,0.49494102840319615,0.7065962196031296,-0.08916213033522363,-0.9122548499884988
1.1693610573313853,0.4446180992772455,1.605272531698818,-0.6910498308437563,0.9222298354511208,0.5626378068758099,0.17912467319719788,-1.1761622721864786
-0.7796571163315107,-1.0431715137672082,0.891620405013169,0.13882226632998032,-0.5636849853209988,-0.7560530444030158,1.0603656972162712,-0.3831988101614969
-1.05557161951501,-0.06462374056090532,1.3466776362863675,0.27914480823173715,-0.7049955286458507,-0.0005664214338707537,-0.6732931840027655,-1.548286229531092
0.8890535848170056,0.4588438127715135,1.0402587280867626,-1.4917030842115206,-0.5608756859253566,0.10399151658502763,0.22900464980163646,-1.0680117353553784
0.4861550162594768,0.21193149463215247,-0.02494981964500481,-1.4454773947474122,-0.6816223879451809,-1.4591085229791716,1.1623061740383953,0.4281845170523374
1.0502318974640608,0.4383822377886016,1.4039293875066934,1.1620867165238649,-0.5999753588299337,-0.43964754543826223,0.2593442668066543,-0.21115287254527038
0.13298067467543023,-0.7747689533091614,0.7208957933482794,0.7642720478393189,1.0691032747497782,-0.5879496330513216,0.6077108506858497,-0.4461431852309782
-0.05609186287580408,-0.0700320255618251,-0.7085078092285491,-0.01288334069572803,-0.23466682273535716,0.7810078023699053,1.0083499908498765,0.3114324206747864
-0.1837973862183508,-1.1610769431543797,-2.0468620830842355,0.7516623898694653,-0.9133081799369774,0.0764064373803553,-0.32591052603401444,-0.5826388590773103
-0.6073376121969057,0.8874352684002367,0.24692339713620748,0.17312863196659536,0.8137448241488449,-0.28366926168461515,0.6922524167131939,1.6628784583160547
-0.47342905896865467,0.09067645726957982,-0.8968820383003067,1.0720436902953432,-1.2389770418694457,0.09062566694603733,-0.1418781187403961,-0.014486230310672758
0.3340179687040971,0.07870390821460388,-2.207487701843937,0.35643559270291597,0.7767574919989128,-1.1461800571574832,2.4480643668308675,0.555106157083074
0.5061513023653555,-0.07939191840416464,1.0000187921568715,-0.9931981340374033,0.5367706719644,0.5204321740795541,0.14145942817451557,0.22546682482198882
0.15050901974074427,0.6477535848657869,0.6721048583734336,0.1374532958342866,1.0816339333379246,0.18263612521432715,0.8735023141503606,-0.8882042800092845
0.19489315854520425,-0.006444717614840168,0.07089646254917926,1.2584659091817534,1.0643826248278976,-0.45959569775757314,0.7195631748094949,0.8625180283568967
-1.0851990764547175,-0.5483572391523522,0.7166261669569683,0.30316312948067825,-1.3932198288871644,-0.19036499776327898,-1.07429622067533,-1.6887926427053175
-0.02566331989590851,1.952656231003087,-0.4744205492431301,0.1643658307425519,-1.2809725784522383,0.5599129234368012,0.14927275755386513,-0.7652102852474527
0.16248779490934215,1.6704983157353066,1.2159396860474616,-0.49679319230915736,-0.8437052427799471,0.2659005020664406,1.1082586970189643,-0.6011061948747347
-0.1379629008349462,0.05357985863525231,-0.5153397866824623,-0.05868227530429111,0.420694792098219,0.6854912935881938,0.8060299689707864,0.9990089277713393
-1.6637865872256545,0.03123636625974799,-0.2087069641444979,1.4505086984042745,-0.5218607842220355,-0.2267242847589096,0.571584984584081,0.4117584794058591
0.20616461721304585,-0.3303721286774015,0.8992268083131877,0.8635273678673958,0.9451974445500071,-0.773064031658407,-1.5145006388934341,0.7378664554232687
-1.117860577028493,-0.38007691812464084,-1.0956126697166602,0.3846267931575299,1.9036826471079331,-0.7884011327411349,-1.7268646954431814,-0.24629920002192068
0.8342771554421958,-0.33010861934019986,0.11635045067205438,-0.24842647935736023,0.6408956918442227,0.8205387918167134,-1.1193740632570137,-0.31358103145665783
-0.432015071895918,0.5998129614325686,0.34116188624169946,0.5450592466608182,0.7745798014699516,-1.431745011198322,-0.1873687543447428,-0.03427322136576631
-0.4104777612413385,0.3275510992195508,-0.9061854393034042,-0.9944456341333691,-0.4045760902039022,0.7466923535842798,-0.10023916457814085,-0.10066518570504955
1.609065595803001,0.6427107127658173,-0.018960347236254844,0.4568620981542817,2.0060856029939593,-0.03167111640707852,1.2564052944519049,1.0815235110422705
-1.0116880632862835,1.4845744202438127,0.09447614747116148,-1.0879227849992492,0.3034559419548719,0.7731924948411077,-0.3055914113967986,0.46051402199479413
-0.6895368422700423,-0.4366941666586552,1.4902677515547895,0.8091154951709418,1.475432889379799,-0.2192194780423781,-0.3970461628038979,-1.455013898909666
0.33567397448861286,-0.5014011890235591,-0.8579017302955565,-0.07012787914060303,-0.03979542855793522,-0.5328202047654865,-0.5307957212391016,0.5024469772335631
0.5881225141351403,1.0137355699113832,-1.7594977875379278,-0.7822340485445749,-0.10533197983747344,1.2432454628753098,-0.7430851243593104,0.9383125071991365
-1.2791349897371935,-0.050375319382068774,-0.054037591527659856,-0.9329585568979059,-0.2970174539677569,-0.9491754609833618,0.0073270247012608225,1.1572264778553687
-0.8303857186866481,0.7263181900622431,0.23528661238204676,-0.31270020420187844,-0.9097712796319865,-0.0856491029332035,-0.23083108082561918,-0.960778246459816
1.0951937398448326,-0.3656865943618448,-0.34231194407900234,0.28799708381862865,-1.1390977413938919,-0.5405932594449191,0.38434688221681185,-0.43980395718406246
0.7721401808552987,1.745224768233321,0.1956365679788218,-0.4013814655352778,0.4686806072663166,-0.6851782050884611,0.5024087523849928,-0.3992500822798263
0.5028845179302543,-1.7021183271105165,0.011373979323018294,-0.24531470443861964,0.24307698323614535,1.4329451124336108,-0.6805859927587302,0.7884529647239548
0.4256299294304981,-1.4108041750738158,-0.5233228078205808,-0.9448122106824561,-0.4636944725806357,1.183366861666956,-0.6132826679785514,-0.10555768398680075
0.09602639963190401,-0.9440483895314999,0.7234532308507171,-0.35436358440840215,0.4426802084230327,-1.1746029839757062,-0.35615207655223935,-1.093569849522283
1.3517360482136582,-1.6518061136310127,-0.5545808550442571,-0.6438602851058375,-0.28842594107119496,-0.6086815802200655,1.0819302816975258,-0.2499575545465482
0.34391787510394006,0.20350643061812096,0.23898288864990863,0.6847652711373253,-1.4005669142979635,-0.6100929587958764,0.6104605305321881,0.0398949518740479
-0.45027486396063704,-1.3349135949616053,0.6698153823082534,-0.7568083424044703,-0.24307921246231085,-0.7691644551669052,0.11034196219356204,-0.02944660717715488
0.37181920485901604,1.6067759272234223,0.31840745355980865,0.2924225345223261,1.400457865826952,-0.15226842230116058,0.4318282156818641,0.6442104890907814
0.3290727009579554,0.5584668400052335,-1.6384524912916882,-0.7070152175279741,0.22983933197848055,-0.45278077731656674,-0.4068182591393536,0.6970738905364875
-0.041312460092690385,0.07716886828493016,-1.3029947792794432,-1.088184156682846,0.7065255264085798,-0.09870433733049618,-0.3768664926734706,0.3405587109009921
-1.0061243245179874,-1.2945746166760428,0.6428127792921666,-0.028525348302510266,0.10600217420591496,-0.18425775800303518,-0.4106002162099245,0.1449535706194421
0.07522253235169306,1.9622500831993932,-0.4170631583986856,-0.40449665458914447,-0.6861707449916752,0.4563876066249105,-0.20207911078489527,-0.10509055832857186
-0.46002857973670425,-0.05559746068912964,0.09924348723837957,-1.340993377239835,-1.5112489273759762,-1.1323311201125275,-0.7216717038321576,0.33679453521355224
-0.3571924046363184,-0.00863838900201047,-0.3312359058522291,0.7048956385684667,-0.10966390142413711,0.23635115055478118,-0.4993292200918527,-0.15547077101415474
0.904904295028182,-1.460954622672409,-0.6765207960959052,0.2432071422743501,1.0591988977590658,1.069406994910739,0.4695868235097456,-0.7786503109613142
0.5935703563293852,-0.22407936067389075,-0.8903259378376178,-0.7482587779017005,-0.7010049360404426,1.7004005085635234,-0.11068569797270097,-0.3588249365851806
-0.08590936105102488,-0.17721780195896505,0.07495028921005825,0.7877076339192389,-0.48417763796685925,1.8261224486949708,1.7527561995273857,-0.05400228797344433
1.02983313365583,-0.22859317082672267,0.23754023590498943,0.17854275470045222,0.6682299181693944,0.9531048604054064,1.513590118789689,-0.09717918894597961
0.5740534742698009,0.2780155579034188,-0.3946518813635765,1.390323215528274,-2.1297440357336637,-0.7007821774864034,-0.4094708646313239,-0.6979232046435658
1.1727482673783127,1.8719974453956976,-0.6761005024116491,1.0099479839822445,0.9273481404744987,0.33750367369106465,0.5292919526970237,-1.0668612326098708
-1.112156589020348,1.8867951610938676,0.38650013043402964,-0.15422221771616895,0.7579698760679706,0.3168554047143332,0.2910039215623449,-1.6863923877495741
0.7414778032071618,1.115594763764718,0.4536973541530417,0.2149648373597017,-0.34468458211930814,-0.23057986867738883,0.46476982188064536,0.5144307154752913
1.0419265282150751,0.5678776994994551,-0.36372534838105136,0.292923304015133,-0.9138926603563433,-2.281173534046946,0.6042992244723631,0.014511182113465892
0.22944819100866767,-0.1253472181858204,0.11067658546275853,0.7747930661371207,0.1197540757215823,0.8052898536184303,-0.5338589794839965,0.5866012870854121
-0.2546923371117627,1.115167772762281,-0.951619273002711,-0.7290347697288685,0.07207511610973913,0.3417825607937208,0.8164857097686021,0.11282327023643585
-0.6373222354052173,0.022833361540932642,0.2644022739532327,0.4075434457312709,1.8020484191403252,-0.1785869475535721,-0.13832413881108876,0.3467339723177204
0.30121118715632517,-0.14535845048831442,-1.0512228308825062,0.8871030435334155,0.11941779585152915,-0.2587909247180652,-0.4699336368908593,0.5063387828043205
0.09659889117850698,0.7827188410731097,0.9705372120312734,-0.07304416082071143,-1.2333312582322695,1.1567463626712666,-0.7829783772324959,-0.35807240598367596
1.5043598253272197,-0.9425735606872073,-0.3935058961738156,1.0636197359452972,0.8465961705634271,0.07676858622114233,-0.5373866258908299,0.3141710575000122
-1.1267703866278527,0.9717954767023171,-0.9496947435656609,0.20281567364806136,0.7008057186571485,0.28468486503513074,-0.6284788600974215,0.7391279258331733
1.5589165663723963,-0.19435804679420954,0.6683666484111693,1.7293103504380172,0.7512454752010201,0.005185680378446462,-0.9056720484973934,-0.18092459187644253
0.32528266510411896,0.14998860757706384,0.4897726521339719,-0.8757859870172235,-0.7980113715917834,1.4563949918197208,-0.293046885828378,-0.23973717725857047
-0.13039854218252048,0.351453820211213,0.2054775853943198,-1.1054509251955489,-0.6478808795906107,-0.7576535052832608,-0.005826042907946747,-1.19257653342601
-0.27613457684495774,0.8039423096242648,-1.2484865649607964,-0.12732075471126264,-0.23209025290438942,-0.6368020151709107,-1.269843782576261,-0.7553127748021223
-0.23298777255272812,1.9925662129581443,1.0895172755737712,-0.4304774308195462,-1.191986111264766,0.3327047737879867,1.246912405858937,1.3524297956203863
-0.8228369993157065,0.8454691343557418,0.9503862665965862,-1.0008529543576279,-0.6391624495779978,-0.09075942932398601,0.0027094580136326754,-0.6007587239636609
-0.807889889105732,0.8615891954748796,0.7297382563907455,-0.8944965108997626,-0.08911646415045495,-0.246058679925298,-1.3091537716977895,-1.8165571045592033
0.6326389492299084,-0.36781882189533466,1.0408011845465894,0.6018250228054668,0.11753519632901,-0.3597473570094695,1.3687396449337212,-0.5731279328605681
1.8871910593769723,-0.5571730168688875,0.37405801046389003,1.117522487973202,-0.28948997715119207,-0.6400633469853338,-0.8520629033073985,0.8329100386981516
0.13461580005118653,-1.1918118672335432,1.4438491916695047,1.24561826669255,-0.8400687185300032,0.5696607619282951,0.1155998087669079,-0.7098788347942607
-0.5437113403569743,0.7176020685807752,0.7687809143005978,-0.6858852913754291,-0.47450679609745544,1.5428761710743595,0.24512171859052587,-0.492233332232897
1.183263471100122,-0.2276014505682481,1.5894351407488716,0.7367325119692081,0.8254803053300208,1.337512394823916,0.5693374404427961,-0.2055609429969817
-0.29342346249377876,-0.30783109550680665,1.3785615350923592,0.5852373302344768,-0.7020952038032948,-0.3146764276164128,-0.7937912847946936,0.6902756777211156
-0.041957567652104545,-1.4565252044302976,-1.6071656364803206,-0.7006957352659774,1.1745454941130848,-0.4604577278764843,1.911355940303975,0.7431538036877154
-1.468033625375661,-0.7344733123000157,-0.012898387507256831,0.6476684017143228,-0.19987346100799824,-0.20204761533346682,-0.2507380839795094,1.4787521806023034
0.10049978193027613,0.06416116973534648,0.8102337288642985,-0.12748313310484904,-0.8791740678660493,1.3418541174114351,-0.5919462253906239,0.07489922204769184
-0.47826017147703415,-0.9654908906371003,0.9189931180506239,0.13208036066190673,-0.5828968249922644,1.0450195846982901,0.41089908190834135,-0.800377041443642
-0.2918448881620033,0.9663341434457465,-0.8990268864937832,-1.2150473189054227,0.6993611590021089,-0.7112430055354583,-0.7756602347346196,-1.7188841289305326
-0.23300882988436805,0.5761172442971626,0.7746718482990648,-0.6793665276749504,0.5506542045536178,0.2526624090264185,-0.22036419658851994,-1.735382072050317
1.70926754295487,0.21465554515172347,0.8364536791122847,-1.3860510346433788,-0.3377395337485287,-0.2278760839955987,-0.3381028785645831,0.9117091404237844
-0.15308320488528912,1.1498366050459876,0.20943999377465283,-0.3205443071925823,0.3704972694582214,0.6150912875329938,0.9505724451498565,-0.9923148628040077
0.1366956895643682,-1.3929120317525974,-0.2968354980578803,0.5917179489810216,0.6482359503006601,-0.02239519049527722,0.3200258684720917,-0.7979150156187332
1.1073383004282893,-0.7159369752339966,-0.017588328316514305,0.715280568432339,1.5387853572150658,-1.0068663060618332,0.8667966893257496,-0.0019783444546319084
-0.4957908084039664,-0.8456105308044575,0.15336275406066824,-1.9271312118145512,-0.18008330453328344,0.35997637882022526,0.4260019407180699,-1.0895733592102639
0.850539091973777,-0.36210833768845574,-0.7739977659692715,0.6644667958613498,-0.678737687768671,0.3967164164743198,1.508049526254905,0.3007462243258763
-0.5975684795950567,-0.43168031939070545,-0.19821268458763222,0.37488084587815557,-0.6051102098040972,-1.2657192037178495,-0.5981608126329194,-0.8559941207446076
1.4081467813812634,0.09902878254034048,0.4203505242483304,0.020143608748361744,0.4118537666967798,-0.12341155282548028,1.39964442260937,0.6276748353164816
0.8946331484381209,-0.6671710284611477,1.336642449366679,-1.7093598426554495,-0.42269124001142405,-0.784450651796631,1.741041147512342,-0.16822741575969238
1.7846774420394813,0.7862229110236476,-0.3165861939171572,-0.8936955040771254,-0.8073844266053528,0.34748352487180295,-1.0206527731713586,0.6638855475707403
0.3969191440834144,1.171898507753851,-0.29592265854837885,-0.9830825502799472,1.3768431560193954,0.5800857157679271,-1.4504022071273497,0.3285468846664304
-0.3715210249387233,0.5140222094292611,-0.40294601786693746,-0.6154056501872913,-0.760902216488383,0.010748054490237016,-0.1982650431701552,-1.2591077383321485
-0.11142029951739056,-1.065757398904369,0.8366538052110315,0.04369380066975442,0.01367170841035915,-1.5861936819327493,-0.9102416446155129,2.4681761675250153
-1.6046755811491655,0.1949286640176638,-0.15612935535015016,0.879217922242604,0.7506713675136919,0.5818247373524809,-0.5448370002180319,0.7370161654822949
-1.4672262164524017,0.1219817285422474,0.08661378151314732,0.8728695788842983,0.17238881955012242,-0.15168863365204008,-0.8957453782467496,-1.6638754381468681
-0.4228026653000746,0.6676939510444614,0.7123479636892304,0.8583023965116428,-0.9233152823650832,1.2401559611988222,-0.5157703459381342,1.2728033413303312
0.44219895339840576,-1.175511298863124,0.22738357145313728,1.138676448286097,0.6463807714922255,1.3442662759031943,1.387694950557072,-0.38944826196956134
1.3168672976841498,-1.1854422876189294,0.30964332586015736,-1.1424791256285607,-0.5702530747055897,0.1882119361115521,0.5019157142600621,0.4674199707297131
0.07224241144195505,-0.3707174803885612,0.2725032796524396,-0.3495993271190445,1.3045996323763633,0.23982016708616236,-1.106035378138852,0.6497525026049844
0.22394679833885944,-0.19335592123990694,1.5275150979351535,-0.8495559704270982,1.0382445051530045,-0.7758604019815148,-0.6844019394191211,0.5729399450983222
2.487040392255799,1.0757089073695818,0.7486679765782555,-0.025870714252882277,0.709274012613663,-0.7991497515206567,-0.297062434435477,0.2624173805898183
1.36648661712982,0.43989959824847824,0.5166872165853575,-0.9619888769516651,0.2605640221764288,-1.5375264315378063,-0.4581877828704695,-2.92867740320026
0.14507228510633713,0.9659038059571536,-0.5095763197944425,-2.0851283124193003,1.8017487007502195,-3.508246683269924,-0.7002533101326586,-1.0254929243535298
1.6521973075387337,0.3004773687884805,-0.26252145088693224,0.4079488061895386,0.15973711823386577,0.2945547645882693,0.18481566134445074,0.36001175757057824
0.917856769952866,0.42913451857943563,-0.8378437917165972,-0.7073940455265876,-1.617947214036548,0.39238706921582023,0.46408395903696065,0.8002246594922946
-1.2967917583847701,-0.40859329537788075,1.1453866447852135,1.6121168925080818,-0.251600847445693,-0.7165600547691898,-0.2357646927258744,0.29388076951776504
1.193572894529704,-0.7662183915716382,1.8362563236663085,2.1230191832183576,-0.20677515520626377,-0.21943163402589239,0.12771161773042522,-0.2442794720922211
0.14639373235739236,0.29192784785871256,0.7106014771807417,1.3529677520142718,0.5917105991217088,-0.4729991666758841,-0.22022306332237598,0.6719842667387799
1.6555418874598984,-0.7496930559450042,0.9480578424391031,-2.072100789624514,0.4716799769903613,-0.280278319289864,1.4154082614338972,-0.6606495423042333
1.9771256131062889,-0.08936748819718741,1.8213091701165622,0.7099400709729135,-1.2462552873748265,-0.3721580565726331,-0.032295756671321604,0.16094708025871074
-0.5699919462858734,-1.4183446125724042,-0.379204497742175,-0.4783862855605542,0.6023112799598909,-0.6659018310670574,0.00868209059132457,-0.17094526586371403
1.127371293014054,-0.9707336970656155,-1.1862551826069687,0.35281119453872883,-0.10586430637701788,0.827536528750832,1.805296862308133,-1.1583822974781615
0.10875471792920957,-0.17442995339697137,-0.07484762068874767,0.9851490628988353,0.4588175894893193,-1.1507113662203818,0.13134146922625767,-0.01962016970916514
-0.8606762599652237,0.9821094037472211,-0.9096218652921114,-0.027014458999434214,-0.45928270507619706,1.4178330818397122,-0.6816140877667441,0.14730348170699842
1.7247673017259944,0.12645692413670817,0.3366435263490229,-0.33957000161648143,0.2152321485343833,-0.5471379076468281,1.2647942271784658,0.7204927579294057
1.3239376956309477,0.2622587617242575,0.2773120455431214,0.7170270489833569,-1.0387859446673127,0.44997665361595046,0.8367562040838243,-0.891087197004118
0.486536833243609,-0.6691874431339858,-0.6420583561651328,-0.18824294457849605,-0.7655832353574119,-0.29992984551759333,-0.3780074167415513,-0.5576586605249042
1.4769967428833488,-0.10459878325296677,1.5516310807215137,0.2342556215782609,0.2919215338139347,-0.5590953270205463,0.9727521441490715,-0.01141469053270817
1.0486568589019076,-0.04501565039851596,-0.7753011109907899,-0.9518211998489966,-0.03655506564243594,0.8975308280627772,-0.8983295950152484,-0.26570045536823883
-0.6476108548658512,1.8731694393900193,-0.2597418466349818,-0.8249595419581391,0.9699641599085873,-0.41181586010737636,1.1655162298050559,0.5790645484769147
1.0895637863869025,-0.3134761334336222,-0.2348191824581275,-1.496771344335726,-1.0150178451088325,0.501006325198542,-0.9674854754436877,-0.7193659571066394
0.11544818725426557,-1.0365946717150822,2.174189028841733,0.4246447486466432,-0.7494435032170773,-1.0953669157754955,-0.1572673161927383,-0.6314967413192877
0.2560085178596553,-0.4053659724986419,-0.5521900282528494,-0.09634128549541156,0.32024493594431325,0.5873824685210303,0.9811823318851678,1.0697387653704602
0.7484060606720738,-0.3970032416247261,0.07158395474774236,1.4919294941282593,0.10013485227731879,0.9164859249432736,0.1814758489599458,0.5661770243873513
0.7484040481115355,0.6079143599994663,1.107091627447673,-0.30421030021518636,-0.6432775999114204,-0.018986633392489054,1.9565903294801756,-0.12609630870170618
-2.0296475422166678,0.26022749760938635,-0.6487061091748421,1.810985724545505,0.1767344224833339,-0.44489197493187566,1.144267246403162,-0.13615075513968922
2.2873020055446256,1.1386019177178237,0.770120538762497,0.6849297700081709,-0.05449552524792044,0.39937182219507356,1.2925047862291268,-0.6060553531299929
0.33505380073925256,-0.25649345986531513,0.4295926127459995,-0.26543925673027374,0.9959617323456669,0.4368383048073899,-0.774756891211283,0.6473473993525931
-2.0726267526457915,-1.8469772053692954,2.158271107923313,0.5504270475043863,-1.585333921559207,-0.7456037124650546,-0.333515591862545,0.5799081333418179
-0.8242017027380227,-1.5613944112200895,2.4108828973179715,0.424864151452488,2.032723144714854,0.3871254884900887,-0.21478752679669422,0.9338722378332638
1.0048900835946375,-0.0029496042402377717,-0.7348525699991546,-0.5396929210633911,0.8679689230264181,0.277273649192351,-0.5929349874611092,-0.4888652007060284
-0.4142369925400584,0.5128903658144474,-1.078547649938888,-1.4753327198748425,0.9721855995915755,0.5362079563726935,1.310023726006812,-0.6514672760279153
-0.31408248523417165,-1.7773769148686231,-0.69555172146904,1.449372688550103,-0.32538933293325684,0.8466160134231788,0.9309726343701309,-0.3504725229197516
1.7007441184985819,1.858649151255433,-0.06054926472975353,1.7903876629287994,0.29309339690744035,-1.00431907705973,1.46666732325184,0.48449756260862037
1.5952171662147197,0.8837292247132994,-0.31979799549676774,-0.049994507958868256,-1.690227037327059,-2.4773639779816854,1.08212452138601,0.08966035755814773
-1.4098465594508445,-0.3761933750939341,-0.4331153775128978,0.3016398602413918,0.6369178103057777,-0.12777745823629555,-0.7908082161007223,0.24547804024843287
1.3949777936961212,0.2520054838230026,-0.1453910492133788,1.5439004719706027,-0.6792848374007195,-1.0310734132620556,1.2317521681738153,0.33288900141115185
-0.26621102346994224,0.5630602061300087,-0.8112584189439698,-0.5775397104732912,-1.0838133898657996,-3.9182738310634115,0.13143177440866305,0.6664725724284355
0.7210311799114623,-0.34946415477257003,-1.1700464092988279,1.1857866194745237,-0.899045770084473,-1.298654716152118,-1.0515723485156625,-0.34326178703903737
-0.11808724145027555,1.3827044718854238,0.6327639780590292,-0.2025487088831114,-1.220496049529294,-0.6742368645967821,-0.27805941329192946,0.04465817549750541
0.6430501028568384,0.5120638155631535,0.5810961659541732,1.3997176643172964,-0.646348347510128,1.032663277035934,0.36992917468022346,0.10777809544584982
0.5898663356420712,-0.1058995006776184,1.2068313715859984,-1.2606617491526484,0.33920552336072135,-1.7476056234319466,-0.7562245416486052,-0.35916834977468576
0.8054973832657013,0.5765430916226805,0.3262757135451924,-0.1025373749497879,0.4816048158944948,0.6967435673535187,0.3920010161102479,0.6754722730236932
1.1533859589881013,0.7719780727321722,1.3271347773408333,1.538546494733996,1.158924642459927,6.214457458379709e-05,-0.23676646543734167,0.6963158336190721
-1.432820465974625,-0.01203524334333444,-0.0006254704849363922,0.8728859593464975,-0.6002117595939446,0.1559416101259997,-0.46147006109574396,-0.10307635340981
-1.4939410307294414,1.4320820284504923,0.11454260157542036,-1.0060286505920717,-0.7292909547934998,0.5343033947327355,-0.47873124102533954,0.6200853699815951
1.1167284826491402,0.705479820748586,1.692934708060342,-0.6165760973782534,1.2948130105442337,0.6655664049511105,-0.12960246795668112,-0.39739007766082707
-0.23918374220557895,0.2470552396215566,0.2512782649380144,0.5817483421880998,1.635205056813502,-0.2668695561125529,-0.10810266427649776,0.6202226615085755
0.010476680335374773,-0.7251151191242748,0.1143976860364111,-2.3278801679170407,0.00044385525288132303,0.5134529770314167,1.165742311548091,-1.057438547527709
1.6657005595163392,-0.5592537798477079,0.2624115077091948,0.8793354237127285,-0.270946724237159,1.4343179875453396,1.0674763172762105,-0.3671636455722294
0.6377330584338311,0.40355816266330385,-0.0717367840714078,1.6963526296956104,-0.8616488976511303,0.7626333058739502,0.38539013380127196,-0.3910530822302948
0.316767245356381,0.12287540728352453,0.5708171454280353,-0.4233522164614053,1.1380642550469904,-0.809342167744033,1.1827693128423775,-0.18551046454852851
0.10608382916577765,-0.4246681684462033,0.46848749198433887,0.15562851566461697,-0.06505061176069744,-0.44209579224333334,-0.7724825105894904,1.612969936020471
0.42852199966637333,-1.013738734091454,0.1045027897239727,0.16079618478275612,0.6251760035223182,-0.23766656231741065,0.8871102434892586,-0.2642059464640234
0.046893458062908115,-0.19912256053067687,1.4460653143599862,-0.10233140237430326,-1.4126380546066226,0.1860924409432481,-0.7865161219187717,1.7137720612998937
-0.4182713350811078,-0.3362221814719726,0.8383822251271654,-1.5515347193593287,0.017478617444282706,0.5480048192727641,-0.27905476753530534,1.1145747848405358
0.21359640751272096,1.6987435453540405,0.3588840842006151,0.5444959675370746,-0.007202672455447287,0.4222656001350481,0.33055243477619306,1.781006575817767
0.11709819642097692,-1.1488728265634836,-2.167942063090131,0.7101028860342459,-1.634551637416539,-0.69315891300474,2.147156496298283,0.09683790384544078
0.27537453791641014,-0.024585106066318346,0.06458180793262619,-1.2277285097051471,-0.31283035093744005,-0.8510410981792702,0.11903102587662916,0.6794633825833288
-0.9374660034412369,0.722887310021788,0.248235103533565,0.8579054088256439,-0.12547528611996678,-1.1188460888711136,-0.05273043728471159,-0.16198703063928963
0.6196631656417932,0.8176592277431458,-0.6776929829300766,0.792559220123397,-0.5210161994686868,-1.1008200693722714,0.5992313796988238,1.1756423806429024
-2.2889487336175747,-0.4798565532399616,1.4355445113096479,0.40114355641453736,-0.3356480584716466,-0.892038049285173,-0.39888076153744234,-0.09326042315378875
0.8423977721451426,0.48066525565135376,0.10185959459748078,0.7711477487491631,0.2858974626636062,-0.7619318826491667,1.149703092963362,1.1729532280177937
1.1502559884030112,1.388645708422104,0.38422271295851085,1.0950581359841558,0.1966571926103326,-2.1809131016210617,0.4758544978390187,1.484386296673056
-1.4923145758660452,0.05358452298510421,0.0111912400894597,1.1561283542811809,-0.21023479454170546,-0.10343514746089778,-0.39987346375274385,0.1921328597249858
0.3308228714217071,-0.24503849653131202,0.08201790219907391,0.8605644312588938,0.32003005836892384,-0.7655981215089611,-0.9654793330688,1.7339672007519928
1.1833317247062798,-0.7457613269649722,-1.3175982249226559,0.05461591348035432,0.36290975054712404,-0.1769246675261835,0.06781720713630417,-0.5179742794946236
-1.380437355772016,-0.20985759308691646,0.013536770213651727,0.05219894864876362,1.0690851726840762,0.06338565840352028,1.4878647524281954,-0.7828093827643171
-1.3212728938878828,-1.5151154210220008,0.8489847167146843,0.8891639651047772,-2.8297580364599875,-0.39831245217158723,-0.14004494372448018,0.020796814264087294
-0.6819097673521918,0.2999370422578497,1.1682904942322798,0.029823782254163433,0.09468929790758958,1.454088584066217,0.41746901004813297,-0.7972666030149398
-0.6245483823475642,0.014066037518331548,0.20988223686590446,-0.5134713481500244,-0.23841685687599548,0.6369614525909371,-0.7685054128118457,0.17222802767438955
0.5709960250778617,0.48115122579873293,0.05686953534968753,0.3055168617803098,-0.049105089369746065,1.133525083837484,-0.6361317125042661,0.83777939196897
1.2215116574822757,1.5471640144505607,-0.4075021188864239,-0.7542239280878461,0.7382314431498247,0.5196918829731468,0.6247534194569109,0.6284417426083194
-0.9959261754058896,0.3617062684139849,0.5307486717550889,0.46451906994959,0.1609709951626852,-2.321020612642731,-0.7094434330107422,0.41698851203260623
0.27500881989359677,0.026562827549355947,0.3176565071933893,0.15711095237327372,-0.2224398186330852,-0.6664497574849559,-1.64551729543693,0.20893672206753663
-1.4715692120657622,-0.9260198416516371,0.5598131565295253,0.7055333345472937,-1.0349313435604153,1.2863828072839907,-0.49216635460405816,-0.7086716225075534
-1.0192878458050156,-0.051284993522259015,0.7020445614198733,0.5829231561854107,0.4925868272915345,-1.3676608501159513,-0.9281129840323302,0.8105046154403153
2.4829861566165716,0.07879573579618303,-0.35209388870832586,0.23046281522275083,-0.961914268217083,0.987227475934724,-0.752912422712483,0.07116994459920117
1.4017863430352668,-0.7780918676258733,-0.8417328627194157,-0.30059528255209195,0.7984756355926075,0.1394148499692656,0.3820114508613944,0.7140772742234729
-1.46024888996958,1.243386198118106,0.7699892780955495,-0.27325364202966135,-0.1711639852652055,-2.324442927037149,-0.46559823726347377,-0.11783357770348071
-1.6500730208279617,0.5796250243439682,0.9712304545872903,0.12437770766494696,-0.1639974076899371,-1.464755935243997,-0.5506047174376215,-1.122967558922898
0.6743560329443502,1.5522287370015173,0.2879490563732301,0.457267282907283,-0.30484253817427676,0.19087724879286966,0.34340077779628353,0.7719113281405934
0.8553333687776542,-1.4568010482241944,1.621132066286814,1.3045122362901311,0.32533382999441807,0.05716498439123454,1.629157910673541,0.10866881471026643
1.364171301104053,0.42393274332138114,0.6552478687439216,0.8761113873872369,1.0042239742730816,0.7183308331784252,0.13610525913789098,0.30504369749461013
-0.15985889228667446,-0.4846719626519099,-0.9982832977954468,0.04692900191859225,-1.527867599891919,-0.5494897289256714,0.9224517780838248,0.15542169603352876
-0.6930693088865558,-0.989920826124294,0.23135946266925297,1.4565618810878729,0.3614585772889396,0.03949992493868865,-0.2737317942308937,-0.5005054418108691
-1.220869532533314,-0.4280568229160236,1.6148073175876296,-0.8391478049759541,0.22690500294164503,-1.1185796381769195,1.682068749798501,-0.39132357064920636
0.20215910639502244,-0.13353120705381333,0.9986067298951201,-0.8712209768280521,-0.9892415408365921,0.7222245440541184,-1.8093068982932856,-1.8266227959512635
1.6931559658151398,0.7802741559055376,-2.987885251176443,1.5349324546624696,-0.4901555828698613,0.48122137502709195,0.18010426127767415,0.5931513205099792
-0.6026380026397714,-0.5850443284867892,0.11679241090043373,-1.1177938421743103,-1.2189605810930946,0.37286354705568076,-1.3165512897219134,0.12752748902425884
-1.0677836876328226,-0.22673426264559685,-0.2679952139272231,0.021025284484262774,0.28067790253131014,-0.8539366092132533,-0.9799097653770406,1.6918683669961725
0.4300378213836668,-1.3710275705383042,-0.31613899408454177,-1.4262755582234492,0.28995672954746765,0.7284408505360683,-1.3343410017378308,-0.844550893796244
0.2456393696490847,-0.623722814657167,-1.6521130604075278,-0.7018064411012325,-0.48536165883768306,0.17425640144956614,-0.31323653738904356,-0.4163348118454192
1.077513256251165,0.1366541092650958,-0.6495870399204811,-1.481381121233987,-0.8241237437101687,0.9785840588697613,0.1009096467935073,-0.04816390486708893
0.8462325556168568,0.0397208064695065,0.3048219649899708,-1.6565129444846154,-0.5880525978082931,0.7527661643971432,-0.9256307863021461,0.019615922009250896
-0.36872508735696324,0.28474102519945493,-0.804204773023612,0.5945879011659817,-0.6321499509438657,-1.384349478541932,-0.3807665616367956,0.07638192756345595
1.3749929420555165,-0.9956805538807407,-0.12390577875990057,-0.3384745344182765,1.3684015952433606,0.5349468265348104,-0.8964472704775647,0.9588150737269232
-0.014128148679011346,0.05430274544808038,0.1385476452146074,-0.09230368277708952,1.029672341409447,0.8234973551411395,2.0707652694988923,0.8257324177868588
1.0847709165948562,0.9385992939911049,0.7070977336369078,1.224185564719206,0.14016836416084616,0.675969376297462,-0.24877175304134047,0.22824088323792158
2.259273028689939,-0.024817550308853558,0.46164234183729963,-1.9010426082336989,-0.9678290132259696,0.15865321561797982,0.14595064532577628,-0.8364198110411265
0.7418041847374596,-1.2907420338076963,0.6388576015946816,-1.1219646576278401,-0.46676634409440415,-0.7748337046922709,-1.1390827900991651,1.7562632689335747
0.3695715304728562,-0.19057159322499037,0.5435502543795084,0.32829640210725664,-0.1615539535599141,-0.3659812045133897,0.08674524796500473,0.01789753802112766
-0.5870191727776332,-0.6224142675446663,0.21773876874937736,0.9782616952883606,0.012266380685060911,-0.344957301308836,-0.6850855268113236,-1.4117226033616397
0.3349375685790069,-1.209723621842396,1.458411529593205,0.681736176242551,-1.6291632486356087,0.7404592249342736,0.014868673158271244,0.4732671249287298
1.8263275179383551,-1.0638744974674317,0.9475097961313073,0.0313687749435283,0.5877120039527479,0.5306259415490218,0.6737733081202457,-0.8872794557120821
-0.9734700657812654,0.10380953855749521,1.4550775066631634,-0.41775130216987993,-1.6213389027705152,1.4643813695867816,-0.3118998792480319,-0.44848206228434295
-0.2265066431780152,0.6902903233499624,0.28950535401906374,-0.7299494828696653,-0.9876325994886404,0.24643020105948538,-0.3959754258007435,1.0548030826542725
-0.6551043010644673,0.6328535336044832,0.3035139564920415,-0.4503562030117827,0.016211204413627396,-0.17155567240150205,-0.08663761569925055,-0.1431107258683918
-0.51641445069498,0.7110671064104302,-0.33224822365681395,0.2664100267095371,-0.875793920341664,-0.3229524092181669,-0.022154939259519345,0.22384549349441762
-0.3472016715254039,0.2899659386224684,-0.15925160683939385,0.22683911916551416,1.3312623855461525,0.5965100287869811,-1.0703153096124314,-1.0543249823905545
0.3086654935348056,0.6703264974932495,1.4815665608757274,0.4676836898899581,1.0769715713307526,-0.3257987784383114,-0.40180903856868877,1.5520898871350273
2.189590590105383,0.2167740384492854,1.3740150101213537,0.768319487831793,2.016095463086074,-0.9894336760658619,-0.19579644179005753,0.17037990054381405
-0.7943104426363249,1.3540545243828495,0.11174988511452771,-0.8668176517077398,-0.5589820669629694,-0.15428355801614957,-0.6101063103987006,0.8454181779963249
-0.45258741896894505,2.361128991388446,-0.6506073080583664,0.7439728689729123,0.05166750055569287,-0.4040220876152923,-0.3269261730955261,-0.3453193078985942
1.408088236634924,0.48897948503464655,-0.6823452932027105,-1.425057680178805,-1.634568191546673,1.4057665561940542,-0.3657167289648223,-0.03147618761026536
-0.6680618168107143,-1.6935752998921498,1.7321977710737426,-1.2308277274156434,-0.8378959440202912,-0.48666778503016894,-0.5989996395087532,-0.08129176380063878
1.151812137681245,0.4232948957753869,0.7566766957608985,-0.556444939741372,-1.8838760776365986,-1.3739522130969228,0.22555928633890607,-0.3665462579353214
-1.0952345777748809,0.25164587286099954,-0.6117038882399659,-0.6376927084346471,1.1275904521224234,0.771029093744421,1.054170296642639,-0.9162181284592127
-0.8352467728803525,-0.13211362600127693,1.3704896993651574,0.9591493584066471,1.0827035146731847,0.0715498810266246,0.23520135070031967,1.2461957693633878
-1.346977290040587,-0.4285051791220304,1.5934974981864103,0.9938948195767181,0.7301857650056509,0.0820915698027551,-0.13295188050582302,0.4389162614767372
0.5753935221887959,0.8719179493446311,0.96000147525978,-0.18322882422276293,0.8196102954293231,-0.403857466769307,0.9241473123925625,-0.41692495499154836
-1.2098189802066388,0.4504711185442129,1.0282868466110835,-0.1325411669200069,0.3859546108072076,-0.24991227281746708,-0.4402073748758709,0.10997559600371705
-0.14161815145581336,0.011408411168007304,-0.14547463894271243,2.187729647737095,1.1389262995421137,0.4655762507163626,0.5663341316320348,-0.4202937140993126
0.1310511093987206,0.06031701887308628,0.5501017104136356,0.01028625180196295,0.6547973467497051,0.6112653926408012,-0.6709724360243807,0.9326860922320073
-0.39948718933220734,0.21140563751878863,-0.360917276468746,0.6158144649786835,-0.32335922198528727,1.2008118897781104,-0.8254952468521876,-0.559878871926624
0.7571925939644326,-1.7193279421847905,-0.3102355540261472,0.6904709924284692,-0.7467359465130791,0.2278634793848126,-0.9544342885665621,-0.47815874801814684
-0.7544489227853756,-0.40283095824209303,-0.14892812809894623,1.1000067236298952,0.4066639769244397,0.7244802125665868,-1.0504915358323643,1.1467000860129641
0.04629615737175762,-1.1477415970323108,0.6669245238241714,0.5586233934285626,0.07199402811952785,0.849960199307894,-0.5844639362340923,0.6780125229848284
-0.2631765509351655,-0.8133800071297291,-0.0650708589620166,-0.012801093222103866,-0.4115805556142981,0.9084726196179658,-0.6910276197606554,0.24975216381814846
-0.39568085322967855,-0.18912266427511487,2.326516326132972,1.2746291008937192,1.2674574332031805,1.035657889374292,-0.7495703366411217,-0.3446707614238856
-0.5242249330208331,0.06813296114598283,-0.5153221186041721,0.07493525236249272,0.12669830227751017,0.5760044905043528,-0.9150392417260806,-0.6904341123388557
0.3243131922341967,-0.24367292823553116,-1.0675906652841447,1.104266756597304,-0.27581898744920824,1.2145737670642525,-1.1072255349818771,-0.1059616224266445
-0.008586019614482842,0.3980199970786544,0.13487817628366885,0.2518061020085728,-0.7687647525853002,-1.121608650325836,-0.3691603059184207,-0.4961226326635255
0.8828577068805178,-1.9372394712948742,-1.397414260692713,0.5354212468311779,0.43149515328636734,-1.347237670735288,0.6831419161441871,0.10418258461864587
-0.826039134491878,-0.1976247529126845,-0.2913314432730454,0.17077182160738305,1.7720452785365266,-0.4312981079851299,0.06139432157077249,-1.0385055093671645
-0.3623412495765342,0.8872656724209099,0.6628109973308413,-0.014436120393544857,-0.7101793574913903,-0.8270640593843557,-0.46935376516453464,-1.132528005068337
0.7443741391570732,-0.6866719587589235,-1.0077362235309295,-1.0654265646863956,-0.37152219745416915,1.9797420269815782,0.4979613367268899,0.26750419864998376
-0.7237566118890515,0.49757083581449535,0.8200681358420953,-1.0607031660138642,0.19544637144027271,-1.0360087266254292,-0.23063702034097314,-0.3818674549561988
0.8177950125105657,-0.6877320120682767,0.8741417234860278,0.7359248013337423,0.6847008233033511,1.3101326762537904,0.841724250844348,0.7518840079207697
-0.3454396196030825,-1.1853157357121,-0.7020006633221747,0.3925928349480208,-0.46494161736501993,-0.47949629723980053,1.5600230806983415,-1.0716161839524414
-0.373940835867523,-0.24138504334484104,-0.10759832862978219,0.8095289009930831,-1.0765838882237235,0.15343389482786737,-0.31381090965693575,-0.4793615025311589
-1.7365932278635778,-0.16937418244712626,0.9332444789692235,-0.49458326878673375,-1.0907197530637014,0.10469851683235046,0.04117853952460066,0.2881658898524031
-1.6178378090561,0.3103169692472994,0.5389898437609089,0.3022330749011866,-1.2393345766758843,-0.2791972725033848,1.2332967598479876,-0.16811075898944533
-0.8291451507816616,-0.4085078298451448,1.4593313371913557,1.192629540425753,1.2381286230057678,-0.06115626727768559,2.0268650437962963,0.9850758782184461
1.7659043317724008,-0.8951969556016816,0.893246083678456,-0.3798243191583572,1.577130639166294,0.0633783241621195,-1.2923043720467373,-0.10570701850239375
0.5934600233690172,0.19623215397450736,0.4094845352163731,0.7735822355641422,0.8022038037547767,-0.00034534938889551925,0.8658223409275695,1.2524091924259717
-0.922196110724145,-1.3426156041012685,0.5009653423485454,1.111466699044881,0.5447620998576096,-0.39030394298801024,0.27047716221088247,0.7548352090312697
-1.679492050085785,0.05875077838297634,1.102570581700097,-0.08427471968345403,-0.3532038844377724,0.2328852377198813,-0.3353211977407865,-0.10815329552620014
1.155859872207927,-0.5259416157440193,-0.8581513850768258,-1.0815698095472421,0.4397695261195845,1.912452120542213,0.060455815275647626,0.26229753797927613
-0.9915235663637567,-0.23480680906555443,-0.4515960864418238,-1.29679603365119,-0.5146735746372343,0.7996676805030087,1.4357918628772175,-0.5657543685340065
-0.4332819320519826,0.019988090574850702,-0.5177524931378141,-0.7461925455123732,-0.7037642537876312,1.0316688122425337,-0.7574470674474546,0.7172481738628791
0.06925516574958122,1.0291299356738708,-0.22114458805958095,0.3233760927016199,-0.7575780620794849,2.038792695638976,-1.1426629577514742,1.1751455951130523
-0.4202840539644226,-0.5362153576033573,0.9186384452289421,-0.7989952148811712,-0.550930590179948,-0.05394378860028027,0.8154701527196783,0.4439229723238956
-0.4327157200535925,-2.3416594992001842,1.5183633782955719,0.9141774884284495,-2.232574284734185,-1.0256074287040557,-0.6808509841450076,0.31372746614665825
0.26522342496704215,0.4138251944919088,-0.7744191256600657,0.1634975235138262,-0.6952492457649945,-1.9967620548686387,0.3044511954369219,-0.23046521838178535
-0.09438818436340797,0.26831535921441707,0.6969965416710018,-0.8417022287115244,0.059759652233147845,0.9321298882336643,1.3748339807226986,0.5611991506171273
1.447544522810324,0.4201170417187055,-0.16254713317217634,0.5772440129280746,-0.13716999685390627,0.6133215794307051,-0.442342920362331,0.8414018297449237
-1.746927119489349,0.31892362759866183,0.2809198724875805,1.9854400178825724,0.47093980960023263,-0.31461812450645693,-0.23671221305425125,0.6026548629838833
-0.405249825492119,-0.048848887303730194,-0.21145747162671358,0.8805891875291488,-1.0699985274505275,-0.07873049226871429,0.17420031981583844,-0.03137072953973054
-0.6188232081922144,-0.8532837810286014,0.18710153167904547,0.3680641399291035,-0.3261048061990357,-0.3882669607976196,-0.6819914902641367,0.010108400864632815
0.449400748962068,0.13497151413517627,-0.04384917581899797,-0.3285951011632094,-0.8577864426464591,-2.198322563947317,-0.05484621348024561,-0.21315581214043308
-0.6868724647680615,0.7484392673064744,0.38988689715324304,-0.13632400972474643,0.5808215990655394,1.7594781781384454,-0.10818079744946252,-1.0019598680287722
-0.8458256350267138,0.22417319615418724,-0.12567477979080283,0.04980807697897288,-1.3554268927157513,-1.1676567995354084,0.26125605938474117,-0.20956330830987552
1.0692536874656455,-1.0393015222521687,0.36851509833878804,-0.6399045432569466,-0.4490404069211582,0.10656040750322712,-1.8199981684749864,0.42062500768848043
0.23140645147310568,-0.06050079147444436,-0.04819231620577796,-0.4193300836356126,-1.5211132155756746,-2.4705012015043932,-0.27970643065613165,-0.04632113250361207
0.8039255387031521,-0.6369075288685712,-0.3338195929276384,-1.0671907270290555,0.6129073497756496,-0.015362522231274304,-0.34861363482829527,-0.6134386535361979
-0.5571187172158092,-1.534399377880201,1.484993546953389,0.15935985135956962,0.22168694312897191,-1.3801300751638852,-0.594720270301984,1.5454840114236716
0.0970256681784984,0.6753981363466283,-0.4838464961448631,-0.35265863457403107,1.056840156712564,-1.3984028276063414,-1.260805540141893,1.0851713945170565
-0.5181004866167584,-0.42225563299491364,-0.06668235505765575,-1.1015709968772789,1.097980566553653,-0.5884053409227202,-1.3464524513014235,-0.6620926082129316
-0.39723602844449435,-1.1821997543068885,0.5489960473876425,-0.14723163677184528,0.32866942811089817,-0.4898717213076415,-0.4264365632188748,-1.3520817205534752
0.5773194918311965,-1.6776565117546938,0.9206570766888712,0.6073942480522923,0.35783307278294724,-0.5006314251359967,0.5578247816406238,-0.11304786611615061
-0.13646144033076008,0.2733519550737293,1.5302529836699352,-0.5916080288640945,0.4845676627798652,-0.8818096264207992,-0.08924644406024067,-0.04750612398015331
0.08698039505752479,-0.30713376630242056,1.9058295120771125,0.9079281573740124,-0.3018863662280699,0.5561476958713674,-1.3180583331791513,0.5349251997733215
0.37378411276877616,0.7312861425991833,0.023438116702508918,-0.0398357940265675,-0.3958233112881621,0.012972619156321136,-1.5531416292493385,-0.321483608121006
-0.5936169332883394,1.6473902967849383,-0.0599814355414998,-0.6183245167412144,-0.6550916196652062,-0.008255441235973857,-0.7912929511965887,-0.6020738238286097
0.18256062284709118,0.3601447975243423,-0.31214740686167153,0.23481458182600556,-0.9703624598161289,-1.7969444330934654,0.40281311904981676,0.2972152439844189
1.161552281973573,1.157212704182983,0.2004354701818208,0.6092576436606404,-0.8679687270719617,-2.262890728717318,0.2556798280664118,1.400491606559361
0.7401534332838657,0.24389293959958844,0.4284291240532216,-0.05855665325700642,1.384834893787195,0.9439892757672991,-1.2941680847188386,1.0014279010204068
0.9832433513786211,-1.1651249270311872,-0.06021551417571784,-0.4647747538068327,1.1604821108647805,-0.09225032396744512,0.4502647064534154,1.015065463043356
-0.35533145056134136,0.2301895130057289,-0.3596599984620539,-0.03893180895933078,-0.4027573299449986,-1.4645951680285614,0.8067887806507614,-0.17328256118462307
1.6454420661062539,-0.5089128453004134,-0.20154903017338402,-1.0200759631301042,-0.5780022507066863,-0.7770733747531445,0.10395043215338987,0.3030555405320082
2.3441743872339207,-0.8756839019731227,-1.4278965034934825,-0.7997502217089326,-1.4879317360654747,0.09646946098165825,0.49501185806001724,1.8179101452033384
-0.7111460515074087,0.9150441140429046,-0.44321658969141925,0.22016231877349618,-0.9590368303711216,0.39485482083509016,-0.5223739985030864,-0.7197824677379963
-0.21376513389079682,-2.0495137566418933,-1.4256103362918895,-0.4204222300477213,-0.9774474246897722,-0.6999656511302956,-1.9245233395053134,-0.23429478415097457
-0.3255846808835203,-1.6597714281876017,-0.31779627442565256,0.7274483187544849,-1.3492481659611633,-0.7980282622348582,-0.7785043219068409,0.39194876147363555
0.24895045742517954,-0.7791041116163832,-0.08410981417670291,-0.949192367071827,0.5184902685579009,0.6755896450588014,-0.06943741079165565,0.1094549521180159
1.3085094613890684,-0.41053504418613307,0.8617607366928517,-1.6226173495422254,-0.5944593983952156,0.383538465800574,0.07853781219374642,1.3208483729844511
-0.09419118095206411,-0.501255511559069,-0.11594445021598151,-1.4587193032197698,-0.6520429431651428,-0.11728818101336742,-0.9685407312165014,-1.1251350976776144
-0.6071551019872239,0.2233071839098038,0.24092563587603566,0.30511717561474433,-1.2954221217264998,-1.3626537633478604,0.06666934562242488,-0.09988397310880381
-1.4513931692226711,0.0875108960780643,0.4151984716217779,0.9334296315440811,2.6484583997754156,0.5899130836336226,0.4971715373811262,1.9385014185413705
0.45123559106969546,-0.13572844580449012,-1.4591268583915071,-0.367644536957475,-0.3794992224881597,1.1976561298436907,0.37773950782652016,0.7534929031970818
-1.3581710557809672,-0.8665661067259518,0.6744535157991368,-1.6024695491079266,0.0466767047791685,0.13009354989873967,0.3710571617043193,-0.2725932844352423
-0.35962119775000795,1.5183659630607784,0.5790272983942399,-1.2361448811604578,0.932682409244167,0.8878170819155489,-0.48215309025010816,-0.2992673209916383
-0.6095280230459765,-0.9064843536083834,0.1441788305481077,0.2385698762153717,0.7879220478332891,-0.3690796277762677,-1.4389099761567543,-1.22098205268314
-1.5389449092045973,0.5291780700151282,-0.2863853186619404,-0.23336788687868826,-0.2206377011516659,1.3253134331361691,1.5146523518150248,0.7056290419938138
-0.2537467657798243,0.3907081080500243,-1.0412975347822964,-0.2284715245400841,0.1938126522911533,1.0613589357877018,1.1698668960656842,-1.2781958203314119
0.9167067825909166,0.16561735062213734,0.7123407475552487,-0.4093034194801447,0.8635965433987802,-1.5011990454596207,0.24645038088480564,-0.3765029598345351
-0.7012458644180857,1.9088668823191395,-0.6985461788962847,0.33702188728764937,-0.5017269065691067,-0.19437539301830048,-0.2120297893654074,0.2516667883528339
-0.27418155615284556,0.34176186069285275,0.18359712646432827,0.847390715408134,-0.7114546300131493,-1.1188794709417604,-0.12899674833758568,-0.661428931948317
-1.1741699169599278,1.3385186408797463,0.7953830075169558,0.09037186350298215,0.266098649403486,0.4128950290495993,0.9979084766683077,-0.7595757623460077
1.288099967807134,0.38429361379259447,-0.44189582726681814,-0.42338290118498434,-0.6102556897943009,0.8750122714226078,-0.7820185298865631,0.7658059934080751
-0.5533481721737994,-0.9265597807089382,-1.394754448146566,-0.15191674181688855,-0.6213499891906351,0.3740900636787639,-0.3552904544449171,0.45372285096941223
-1.6106882957760167,0.869004811222168,0.2176926701570916,-1.7350930702927767,-1.577215621952028,0.0874537277463823,-0.1323795955249457,0.21497416596258462
0.22413729704786176,0.741728428395375,-0.2531532021648955,-0.26846693153473167,-0.9248314976131053,-0.8996462531051381,-0.27402659438047816,-0.45405196985125035
1.3598241989514708,0.2287804123315627,-0.8136256747703674,0.5879734182217836,-0.535111059507251,1.6272011478179662,0.4277775879501431,-0.4034621880083962
1.155907010075881,0.18888849158502685,-2.232504027977561,0.3206643634194284,0.21942835491001636,0.5131916938577857,0.36774932815310624,2.237399104226859
0.021505830004738668,-0.3325768937802145,0.047123742743833796,-0.5821720519108865,0.861543441977499,0.3419404968931669,0.9669911662434175,-1.155480300389605
0.12400534439807409,0.6774990529995336,-0.4203804561412857,1.1484957116940502,-2.5107830869014935,-0.4172057657600396,-0.2975895264530242,-0.013765503764796677
0.5028389989469958,0.06600237365614184,-0.42432837063515405,-0.8712776331124842,-1.2130581660028503,0.10742507373556973,-1.0021004617938412,2.011995999187962
-0.0391158274459699,0.25578840182802554,-1.3461347473017014,0.5911041397920556,-0.7301179996104683,0.0796295513388433,-0.5350004290469142,1.9064512442287433
-0.038190140020446614,-0.6083693405608005,0.5984502706731437,-0.19991546815739014,0.32737819911267224,0.7772287973500867,-0.24173188121056136,0.15967632631969134
-0.12471460592563215,0.09262538146792708,0.15599643283363734,0.06950229971358306,-0.07905957325745944,0.8493090849465597,0.28219264107913394,-0.23713775023513362
0.031309266015578985,-0.9816956662671277,0.3624586423523093,2.1118430888827797,-0.17681419010900615,-0.9877407255640549,-0.2760239721221328,-0.05903073511484774
0.4896425490148469,-0.11673155320279101,-1.2525055994170362,1.5528346223575709,-1.1608544777304024,0.4795195725667527,-0.530352923593664,0.5752336680654505
-0.9450146876527435,0.23551516349507648,-0.5722338158363033,-0.9727502642552684,-1.208052635336197,-0.7810008849493946,0.08034133301456721,0.18777358397453378
-0.15424983423914884,1.0053001349555593,0.5186832619579342,-0.19001480810088406,0.5462902369266172,0.4970265599488416,2.0551884163873835,-0.40561243930213975
-0.9002058643143828,-0.8608561941623276,-0.10257426322234273,-0.016229046059765443,-2.0989762610013747,0.48261437988407907,-0.023301185865846473,-0.9919116291419705
0.11253131543996536,-0.5340989223906099,-1.1497861257450037,1.8363562239122706,-1.2818904566813458,0.3522288182765792,-0.3317228989345788,0.5275602338587929
-0.9643051279064968,-0.7682794516837829,0.702308253996757,2.1774324684383393,-2.7529494497817795,-0.5093133398601041,-0.014622296250509464,1.0356529877992078
0.5416241009287673,-0.1365786398292612,-0.5274474910199068,1.2353138279765796,0.11798724269518743,-0.07168968179394333,-0.2949645978282967,-1.765796866875852
0.17953161988374403,0.6854371371698535,-1.3203571905185043,0.15415499436446814,0.06866506050077249,0.3884401851409107,1.7566755051521714,1.5013253705607377
0.5856983312650303,1.6707001283913274,0.9262544750040319,-0.26970501517026635,-0.7558012071022036,0.13132411142713066,0.6047314860350493,0.1561327737221994
-1.0441142869523956,-2.371438639661936,0.17598163621500112,-0.7504342408082099,1.311206454073208,0.6495878975328871,1.8725936443913784,0.10103358500731906
-0.13889459180180555,-0.6921491076485463,-0.9181801252709013,0.5953674212372163,-1.3685801874133665,-0.30569345757102784,-1.0732626712458953,-1.5792138216264888
-1.7823631995382567,-0.36845351936043097,-1.0352803990375887,0.32998146904605996,-0.4937606837363416,-0.7752294958981438,-0.8502808269377039,-0.8793492089121536
-0.4801404283143232,1.4283052867946364,0.451160199299255,-0.8066993034497854,-0.2260533407674918,-0.8456550460424663,1.4290733121613368,0.31568150793565875
0.20905182076655562,0.2759800683642918,-1.3643518200682587,0.1896673714462419,0.09832443504335721,0.6502449943620419,-0.7261478132388649,-1.1275326901629275
1.2548750975953478,-1.3122236234622418,1.3605148712027264,-0.3756466954532423,0.47959112431584766,-0.08711400056716687,-0.9337701155788739,-0.3199705500837248
0.3024997100953325,0.3007611748532322,0.3743558626112063,1.7785929836907237,0.9798580229446191,-0.5136417568116988,1.7574342198238504,0.6640599257161975
0.5611590448030035,0.5277166970015225,-1.4690721336819654,-1.0184477848732476,1.4122869831237823,-2.0719583216687716,0.2527661511248147,-0.49527995673577035
-0.03543080127722604,-1.097004039697984,1.4425054422198451,1.9064584834078686,-0.7773368521524013,-0.899818564423437,-0.317617961466665,-0.04216021094912295
0.9952176258844228,-0.8334968228929496,-0.2782137794673255,0.4976810788326971,-0.7429301997081819,0.04893781924249199,0.5792300587795615,-0.22182379090593185
1.2348342637292582,2.0167518699498412,0.33689325460385583,0.8571732531696493,-1.3904031032224153,1.2225212322005574,-0.0413334802499324,0.11968046925029742
1.2766650422972328,-1.1246173609112722,3.0700616941886896,-2.5933630579199303,-0.9782457778038337,-0.5457881864598583,0.885913251467027,3.4260409171029815
0.8343475856671624,-1.9050609431415193,0.06600873201511645,1.0613794619517185,0.497435753894967,0.6161541415759317,0.6331638190438791,-1.7277444231503098
-1.0416167372743272,-0.4483204185775565,0.7605855898333648,1.4069775551457675,0.4825995602345401,-0.27113269628387554,-0.029750584138481143,-1.0261532363017407
-0.27330048806483204,-0.045169918134850606,-0.2495717102622831,0.26247667210497005,-2.624450195605513,0.900127235756736,-1.1969275532121082,-0.8546319031659058
0.648190435302468,0.27807848338962315,-1.3771916512361608,1.6010123705765384,0.008377444434839027,0.32005459148360854,-1.222955289882512,0.5779236607112591
0.6694712791133856,-0.08763300624256708,-1.321216796901558,0.6729650699510421,-0.48224332471935893,-0.46464885018474605,-0.6500673158769701,-0.6079142677235
0.8192294192509215,-0.1839976017578589,-0.5182789536726853,-0.45785685611778004,-0.009727214030650473,0.9853604472372595,1.4199848010156102,0.025022250177545377
1.0727656897636944,-0.03386788649321715,-1.8405498848747397,0.1533356086624798,0.19380267918947752,0.5341986354615703,-0.5311924541212675,-0.9796169874056238
-0.21977082960778233,-1.7568937146865082,-0.40180923540433866,-0.22767311593800055,0.8187506855299564,0.9089697775978428,0.21724129032819517,-0.060331082749953094
2.5824727081704357,0.5528723411541672,0.7040915776373684,0.37441069788337084,-0.6985907553186018,0.8852310968592115,-0.02363766678449747,-0.259540823015276
0.4722075277106543,0.9175360198021391,0.847734882801316,0.25278710001601357,1.1337511862512084,0.8734104612268607,-0.10183683858343551,-1.0872462055213863
-1.0347054355292566,-0.13998901609486267,0.47449183365650377,-0.07027522758431501,-1.3735367781159893,-0.5027449277582934,-0.842078509629944,-0.3939239539407468
0.6511584026765379,-0.3092353229299245,-0.8212291142890009,-0.4929881604177693,-0.3319483029025735,1.3070761171164798,-0.7673308786078338,-0.012229379048121082
0.27212060479416683,0.10204520755343077,0.3280368351970579,0.2819318002018513,1.497795108762912,0.3610356837714129,-0.7741476640107,0.9564198680511431
1.212611728807276,-1.4237227631621379,0.9822536255324266,-1.605845905507914,-0.20501211742230757,-0.18403493251352065,-1.500231096870668,1.5348162546860757
1.1029345474192953,-0.17858503081217264,-2.310325555814197,-0.44041726726115205,-0.5534446820557055,0.2753306488487298,-1.235983235174497,-0.8075578382149218
-0.46759478474317767,-1.1853543086643927,-0.46941851135816504,-0.1534868248566251,-1.592304072331492,-0.5375407458867049,-0.35805597734606587,1.1578107825211912
-0.4769825411017023,1.4402312232513101,1.1029599890382897,-1.1798354119483037,-1.1047791172600556,0.24360372035425765,-0.7593735177175978,-0.39952285856771663
-0.034294607446841124,-1.1801109238570129,-0.4038660441903866,-1.739088199302866,-1.812145772251,-0.3618530106126283,-1.0921730049535414,-0.01263989143410812
0.43253174853559745,-0.789277061642082,-0.5138776986426453,-1.3832367970723547,-0.49306639553698145,1.0112135679286864,-1.5135616917917043,-1.8762363549095809
2.4317208259625995,-0.5359668114077799,1.0082896382503126,-1.1400681940160624,-1.221578348496757,-1.4403730772013261,-0.6782186276681472,-0.31230563434538944
0.3921872239281025,-1.6585195866513134,-1.0229471528471519,-0.4120253609004122,-0.3607549066263233,-0.2208464427819038,-0.6666088292198421,-0.2600664012893727
1.6733551747697408,-1.5573607597324255,1.7736617711595546,0.18966491579354924,0.9659536834796487,1.06160418551271,0.7054532653008679,1.2049407723316967
1.537819475091674,0.09776133014098341,1.1602736908379332,-0.605439599289599,0.6373659570436502,-0.11795283871020695,0.568449993907884,1.8988693850076568
-0.5600713710300107,-2.0053527981214363,1.088592534482925,0.3699703214677341,-0.9217568775336721,-1.16331972631656,-0.9844188266568971,0.09746075290096887
-1.055864579759642,-1.251407159636531,-1.0967385237659202,0.7213130375633193,-2.1323813015703155,-0.927365869293068,-1.4943974076280722,-0.5170846812873501
-0.3224770150245582,-0.5768578274912484,-1.4140651900860934,1.2487768933383638,-0.5075138270232216,-1.098295100202744,0.2857007743121946,-1.1185603513452176
-0.9980254777992389,0.12441106930728417,-0.11453776253519267,-1.592836001189896,0.8028542817201793,0.3508986642830484,-1.2779494083853253,0.9965687900635647
0.28310212663041,-1.1077987546586494,-0.6473188895057156,-1.0174754991169634,-0.04094471537957191,1.172889726462521,-0.016572108976558163,0.2981536110488611
-1.088788369517793,-0.7028965577401558,-0.15996935355436154,0.3943782389275998,1.1910682124256162,-0.0029486668779476963,-0.5318563928129775,0.3047773525642306
-0.9431318817639524,-1.1690317024310488,-0.8874342732060732,-0.47582196126898973,0.15741275866768648,-0.8864268846957255,-0.8319098199819832,-0.7754492667041355
-0.0440531490525926,0.8102881136486483,1.7227217815742417,-0.44024967919777636,-0.5811151271586753,0.022403848348412587,-0.05280269864792889,-1.2521497562898913
0.2831530829763436,-0.9238765536036356,-0.18092230098173506,1.3064510652915224,0.9651682258485702,0.3822071211282542,0.17187149213189998,-1.0838820470406434
1.6844357447156597,-0.48531838198016486,1.1355414104750883,1.489598124169485,0.5091941928151031,0.2458501909619903,0.9227602283582902,-0.3059656504483886
-0.9030820706569987,0.026373016977306932,0.7286674994193646,-0.23312808749352706,-1.2429578692047698,0.7577151071454143,2.2321693158788247,0.7483103502842234
-1.4136756081631519,0.32061001165808906,0.8180282674207606,-0.6436939145540015,0.017924666495720543,0.6123258775166334,-0.3621921940185412,0.1596789335374616
-1.0007765157658386,-1.932723073059622,-0.7274867971282603,0.14653998757283085,-2.034346093155635,-0.9840441910074776,-0.28848451615102605,-0.24037516480608812
0.12719076332091098,0.3951373193696408,-0.29775674928094964,-0.26869705884621053,0.3365277222074189,0.010196555351198027,-0.5071911444568524,-0.879092027699793
-0.37046509070202577,-0.16282442708219744,0.12398565837145965,1.0219725858593047,-0.6644053507275784,0.7968861835420676,0.271445775035764,-0.03600004816121486
0.9310549560745386,0.346749995954223,-0.02120273395854832,-0.5483394032580401,-1.1874430266880562,1.331527319670809,-0.2273830439415905,0.5185137521050875
-0.7504050115971905,0.04975802468913872,0.4460302595952929,1.9962832550701433,1.305665271020642,-1.7510579675417794,0.23601651598693568,-2.5886918889002404
-1.151993392342274,-1.155892958497919,-2.616821757609137,-0.9813120631904583,-0.0005625819550058863,0.6818721317461699,-1.0316755705306482,-0.8674790785575284
-0.1341605316393806,0.5175751345495011,-0.8370581298408595,-0.5494532398816226,0.23819567554797672,1.1590498823058941,-0.10575089161487622,0.8877454868669349
-1.6054645266767023,0.03858418966281107,-0.6482075661060019,0.14925668599365016,1.487358951513265,-0.723253938264139,1.634620847183577,-0.6754703947464251
